,FULL NAME,TEAM,POS,AGE,PPG,APG,MPG,RPG,SPG,BPG,season,Salary
0,Bradley Beal,Was,SG,24.0,22.6,4.5,36.3,4.4,1.18,0.44,2017-2018,25434263.0
1,Jrue Holiday,Nor,PG,27.0,19.0,6.0,36.1,4.5,1.52,0.79,2017-2018,25686667.0
2,CJ McCollum,Por,SG,26.0,21.4,3.4,36.1,4.0,0.95,0.43,2017-2018,23962573.0
3,Dwight Howard,Cha,C,32.0,16.6,1.3,30.4,12.5,0.59,1.62,2017-2018,23819725.0
4,DeMar DeRozan,Tor,SG,28.0,23.0,5.2,33.9,3.9,1.06,0.28,2017-2018,27739975.0
5,Russell Westbrook,Okc,PG,29.0,25.4,10.3,36.4,10.1,1.84,0.25,2017-2018,28530608.0
6,Paul George,Okc,SF,27.0,21.9,3.3,36.6,5.7,2.04,0.49,2017-2018,19508958.0
7,Andre Drummond,Det,C,24.0,15.0,3.0,33.7,16.0,1.46,1.63,2017-2018,25434263.0
8,Carmelo Anthony,Okc,SF,33.0,16.2,1.3,32.1,5.8,0.6,0.63,2017-2018,26243760.0
9,Kyle Lowry,Tor,PG,31.0,16.2,6.9,32.2,5.6,1.09,0.24,2017-2018,31200000.0
10,Otto Porter Jr.,Was,SF,24.0,14.7,2.0,31.6,6.4,1.51,0.53,2017-2018,26011913.0
11,DeAndre Jordan,Lac,C,29.0,12.0,1.5,31.5,15.2,0.51,0.92,2017-2018,22642350.0
12,Harrison Barnes,Dal,SF,25.0,18.9,2.0,34.2,6.1,0.64,0.18,2017-2018,23112004.0
13,Serge Ibaka,Tor,PF,28.0,12.6,0.8,27.5,6.3,0.38,1.3,2017-2018,21666667.0
14,Steven Adams,Okc,C,24.0,13.9,1.2,32.7,9.0,1.21,1.03,2017-2018,22471910.0
15,Victor Oladipo,Ind,SG,25.0,23.1,4.3,34.0,5.2,2.35,0.76,2017-2018,21000000.0
16,Anthony Davis,Nor,PF,24.0,28.1,2.3,36.4,11.1,1.53,2.57,2017-2018,23775506.0
17,Giannis Antetokounmpo,Mil,PF,23.0,26.9,4.8,36.8,10.0,1.45,1.41,2017-2018,24157303.0
18,LaMarcus Aldridge,San,PF,32.0,23.1,2.0,33.4,8.5,0.57,1.2,2017-2018,21461010.0
19,Brook Lopez,Lal,C,29.0,13.0,1.7,23.4,4.0,0.39,1.32,2017-2018,22642650.0
20,Damian Lillard,Por,PG,27.0,26.9,6.6,36.6,4.5,1.05,0.37,2017-2018,26153057.0
21,Marc Gasol,Mem,C,33.0,17.2,4.2,33.0,8.1,0.74,1.4,2017-2018,22642350.0
22,James Harden,Hou,PG,28.0,30.4,8.8,35.4,5.4,1.76,0.69,2017-2018,28299399.0
23,Tyler Johnson,Mia,SG,25.0,11.7,2.3,28.5,3.4,0.83,0.47,2017-2018,19245370.0
24,Al Horford,Bos,C,31.0,12.9,4.7,31.6,7.4,0.6,1.08,2017-2018,27734406.0
25,Ryan Anderson,Hou,PF,29.0,9.3,0.9,26.1,5.0,0.36,0.32,2017-2018,19578455.0
26,Nicolas Batum,Cha,SG,29.0,11.6,5.5,31.0,4.8,1.02,0.36,2017-2018,24000000.0
27,Joel Embiid,Phi,C,23.0,22.9,3.2,30.3,10.9,0.63,1.78,2017-2018,25250000.0
28,Jimmy Butler,Min,SF,28.0,22.2,4.9,36.7,5.3,1.97,0.41,2017-2018,19301070.0
29,Kevin Love,Cle,PF,29.0,17.6,1.7,28.0,9.3,0.73,0.41,2017-2018,24119025.0
30,Chris Paul,Hou,PG,32.0,18.6,7.9,31.8,5.4,1.67,0.22,2017-2018,24599495.0
31,Rudy Gobert,Uta,C,25.0,13.5,1.4,32.4,10.7,0.79,2.3,2017-2018,21924719.0
32,Hassan Whiteside,Mia,C,28.0,14.0,1.0,25.3,11.4,0.69,1.74,2017-2018,25434262.0
33,Stephen Curry,Gol,PG,29.0,26.4,6.1,32.0,5.1,1.57,0.16,2017-2018,37457154.0
34,Paul Millsap,Den,PF,32.0,14.6,2.8,29.5,6.4,1.03,1.16,2017-2018,31269231.0
35,Chandler Parsons,Mem,SF,29.0,7.9,1.9,19.2,2.5,0.5,0.31,2017-2018,23112004.0
36,Blake Griffin,Lac,PF,28.0,22.6,5.4,34.5,7.9,0.91,0.27,2017-2018,32088932.0
37,Danilo Gallinari,Lac,SF,29.0,15.3,2.0,32.0,4.8,0.57,0.48,2017-2018,20559599.0
38,Mike Conley,Mem,PG,30.0,17.1,4.1,31.1,2.3,1.0,0.25,2017-2018,28530608.0
39,Gordon Hayward,Bos,SF,27.0,2.0,0.0,5.3,1.0,0.0,0.0,2017-2018,29727900.0
40,Cory Joseph,Ind,G,27.64,6.5,3.9,25.2,3.4,1.13,0.27,2018-2019,7945000.0
41,Shai Gilgeous-Alexander,Lac,G,20.75,10.8,3.3,26.5,2.8,1.18,0.55,2018-2019,3375360.0
42,Mikal Bridges,Pho,F,22.61,8.3,2.1,29.5,3.2,1.55,0.46,2018-2019,3552960.0
43,Kentavious Caldwell-Pope,Lal,G,26.14,11.4,1.3,24.8,2.9,0.89,0.16,2018-2019,12000000.0
44,DeAndre' Bembry,Atl,F,24.77,8.4,2.5,23.6,4.4,1.28,0.51,2018-2019,1634640.0
45,Bradley Beal,Was,G,25.79,25.6,5.5,36.9,5.0,1.5,0.7,2018-2019,25434263.0
46,Buddy Hield,Sac,G,25.32,20.7,2.5,31.9,5.0,0.71,0.39,2018-2019,3844760.0
47,Collin Sexton,Cle,G,20.27,16.7,3.0,31.8,2.9,0.54,0.07,2018-2019,4068600.0
48,Reggie Jackson,Det,G,28.99,15.4,4.2,27.9,2.6,0.66,0.11,2018-2019,17043478.0
49,Kemba Walker,Cha,G,28.93,25.6,5.9,34.9,4.4,1.24,0.41,2018-2019,12000000.0
50,Royce O'Neale,Uta,F,25.85,5.2,1.5,20.4,3.5,0.66,0.3,2018-2019,1378242.0
51,Bryn Forbes,San,G,25.72,11.8,2.1,28.0,2.9,0.55,0.05,2018-2019,3125000.0
52,Patty Mills,San,G,30.66,9.9,3.0,23.3,2.2,0.6,0.12,2018-2019,11571429.0
53,Joe Ingles,Uta,F,31.52,12.1,5.7,31.3,4.0,1.18,0.24,2018-2019,13045455.0
54,Mason Plumlee,Den,F-C,29.1,7.8,3.0,21.1,6.4,0.79,0.93,2018-2019,12917808.0
55,Bam Adebayo,Mia,C-F,21.73,8.9,2.2,23.3,7.3,0.88,0.79,2018-2019,2955840.0
56,Montrezl Harrell,Lac,F-C,25.21,16.6,2.0,26.3,6.5,0.85,1.34,2018-2019,6000000.0
57,Monte Morris,Den,G,23.79,10.4,3.6,24.0,2.4,0.89,0.05,2018-2019,1349383.0
58,Thaddeus Young,Ind,F,30.8,12.6,2.5,30.7,6.4,1.52,0.47,2018-2019,13964045.0
59,D'Angelo Russell,Bro,G,23.13,21.1,7.0,30.2,3.9,1.22,0.25,2018-2019,7019698.0
60,Bojan Bogdanovic,Ind,F,29.98,18.0,2.0,31.8,4.1,0.86,0.01,2018-2019,10500000.0
61,Brook Lopez,Mil,C,31.03,12.5,1.2,28.7,4.9,0.6,2.21,2018-2019,3382000.0
62,Willie Cauley-Stein,Sac,C,25.65,11.9,2.4,27.3,8.4,1.19,0.63,2018-2019,4696875.0
63,Jordan Clarkson,Cle,G,26.84,16.8,2.4,27.3,3.3,0.69,0.17,2018-2019,12500000.0
64,Malik Beasley,Den,G,22.37,11.3,1.2,23.2,2.5,0.68,0.12,2018-2019,1773840.0
65,LaMarcus Aldridge,San,F,33.73,21.3,2.4,33.2,9.2,0.54,1.32,2018-2019,22347015.0
66,Rudy Gobert,Uta,C,26.79,15.9,2.0,31.8,12.8,0.81,2.3,2018-2019,23241573.0
67,Ed Davis,Bro,C,29.85,5.8,0.8,17.9,8.6,0.43,0.41,2018-2019,4449000.0
68,D.J. Augustin,Orl,G,31.42,11.7,5.3,28.0,2.5,0.64,0.05,2018-2019,7250000.0
69,Ryan Arcidiacono,Chi,G,25.04,6.7,3.3,24.2,2.7,0.8,0.06,2018-2019,1349383.0
70,Evan Fournier,Orl,G-F,26.45,15.1,3.6,31.5,3.2,0.89,0.15,2018-2019,17150000.0
71,De'Aaron Fox,Sac,G,21.31,17.3,7.3,31.4,3.8,1.64,0.56,2018-2019,5470920.0
72,Dorian Finney-Smith,Dal,F,25.94,7.5,1.2,24.5,4.8,0.86,0.46,2018-2019,1544951.0
73,Trae Young,Atl,G,20.56,19.1,8.1,30.9,3.7,0.86,0.19,2018-2019,5356440.0
74,Terrence Ross,Orl,G-F,28.18,15.1,1.7,26.5,3.5,0.89,0.36,2018-2019,10500000.0
75,Al-Farouq Aminu,Por,F,28.55,9.4,1.3,28.3,7.5,0.84,0.41,2018-2019,6957105.0
76,Pascal Siakam,Tor,F,25.03,16.9,3.1,31.8,6.9,0.93,0.64,2018-2019,1544951.0
77,Jerami Grant,Okc,F,25.08,13.6,1.0,32.7,5.2,0.76,1.25,2018-2019,8653847.0
78,Marcus Smart,Bos,G,25.1,8.9,4.0,27.5,2.9,1.79,0.35,2018-2019,11660716.0
79,Steven Adams,Okc,C,25.73,13.9,1.6,33.4,9.5,1.49,0.96,2018-2019,24157303.0
80,Nikola Jokic,Den,C,24.14,20.1,7.3,31.3,10.8,1.35,0.69,2018-2019,24605181.0
81,Jae Crowder,Uta,F,28.77,11.9,1.7,27.1,4.8,0.8,0.39,2018-2019,7305825.0
82,Kevon Looney,Gol,F,23.18,6.3,1.5,18.5,5.2,0.56,0.68,2018-2019,1512601.0
83,Nikola Vucevic,Orl,C,28.46,20.8,3.8,31.4,12.0,1.01,1.14,2018-2019,12750000.0
84,Langston Galloway,Det,G,27.34,8.4,1.1,21.8,2.1,0.46,0.1,2018-2019,7000000.0
85,Tomas Satoransky,Was,G-F,27.45,8.9,5.0,27.0,3.5,1.04,0.18,2018-2019,3129187.0
86,Danny Green,Tor,G-F,31.8,10.3,1.6,27.7,4.0,0.91,0.66,2018-2019,10000000.0
87,Miles Bridges,Cha,F,21.06,7.5,1.2,21.2,4.1,0.68,0.61,2018-2019,3206640.0
88,Jarrett Allen,Bro,C,20.97,10.9,1.4,26.2,8.4,0.54,1.5,2018-2019,2034120.0
89,Damian Lillard,Por,G,28.74,25.8,6.9,35.5,4.6,1.11,0.41,2018-2019,27977689.0
90,Marco Belinelli,San,G-F,33.05,10.5,1.7,23.0,2.5,0.44,0.1,2018-2019,6153846.0
91,Jayson Tatum,Bos,F,21.11,15.7,2.1,31.1,6.0,1.06,0.73,2018-2019,6700800.0
92,Kelly Olynyk,Mia,F,27.98,10.0,1.8,22.9,4.7,0.67,0.46,2018-2019,12537527.0
93,Ben Simmons,Phi,G-F,22.72,16.9,7.7,34.2,8.8,1.42,0.77,2018-2019,6434520.0
94,Terry Rozier,Bos,G,25.07,9.0,2.9,22.7,3.9,0.86,0.25,2018-2019,3050390.0
95,Josh Jackson,Pho,F,22.16,11.5,2.3,25.2,4.4,0.92,0.71,2018-2019,6041520.0
96,Dennis Schroder,Okc,G,25.57,15.5,4.1,29.3,3.6,0.81,0.15,2018-2019,15500000.0
97,Jeremy Lamb,Cha,G,26.86,15.3,2.2,28.5,5.5,1.11,0.41,2018-2019,7488372.0
98,Andre Drummond,Det,C,25.67,17.3,1.4,33.5,15.6,1.73,1.76,2018-2019,25434263.0
99,Klay Thompson,Gol,G,29.17,21.5,2.4,34.0,3.8,1.06,0.6,2018-2019,18988725.0
100,Aaron Gordon,Orl,F,23.57,16.0,3.7,33.8,7.3,0.73,0.72,2018-2019,21590909.0
101,Kevin Durant,Gol,F,30.53,26.0,5.9,34.6,6.4,0.76,1.08,2018-2019,30000000.0
102,James Harden,Hou,G,29.63,36.1,7.5,36.8,6.6,2.05,0.73,2018-2019,30421854.0
103,Patrick Beverley,Lac,G,30.75,7.6,3.9,27.4,4.9,0.86,0.55,2018-2019,5027028.0
104,Eric Bledsoe,Mil,G,29.34,15.9,5.5,29.1,4.6,1.51,0.37,2018-2019,15000000.0
105,Paul George,Okc,F,28.94,28.0,4.1,36.9,8.1,2.21,0.44,2018-2019,30560700.0
106,Nemanja Bjelica,Sac,F,30.92,9.6,1.9,23.2,5.8,0.7,0.71,2018-2019,6500000.0
107,Karl-Anthony Towns,Min,F-C,23.4,24.4,3.4,33.0,12.4,0.88,1.62,2018-2019,7839435.0
108,Donovan Mitchell,Uta,G,22.59,23.8,4.2,33.7,4.1,1.38,0.4,2018-2019,3111480.0
109,Nerlens Noel,Okc,F-C,25.0,4.9,0.6,13.7,4.2,0.86,1.25,2018-2019,1757429.0
110,Zach Collins,Por,F-C,21.39,6.6,0.9,17.6,4.2,0.32,0.86,2018-2019,3628920.0
111,Alex Len,Atl,C,25.82,11.1,1.1,20.1,5.5,0.35,0.9,2018-2019,4350000.0
112,Jakob Poeltl,San,C,23.49,5.5,1.2,16.5,5.3,0.38,0.9,2018-2019,2947320.0
113,Dwight Powell,Dal,F-C,27.73,10.6,1.5,21.6,5.3,0.56,0.66,2018-2019,9631250.0
114,DeMar DeRozan,San,G,29.68,21.2,6.2,34.9,6.0,1.12,0.47,2018-2019,27739975.0
115,Khris Middleton,Mil,F,27.66,18.3,4.3,31.1,6.0,1.04,0.09,2018-2019,13000000.0
116,Doug McDermott,Ind,F,27.27,7.3,0.9,17.4,1.4,0.23,0.1,2018-2019,7333333.0
117,Jeff Green,Was,F,32.62,12.3,1.8,27.2,4.0,0.56,0.52,2018-2019,1512601.0
118,T.J. McConnell,Phi,G,27.04,6.4,3.4,19.3,2.3,1.04,0.21,2018-2019,1600520.0
119,Joe Harris,Bro,G-F,27.59,13.7,2.4,30.2,3.9,0.49,0.22,2018-2019,8333333.0
120,Darren Collison,Ind,G,31.63,11.2,6.0,28.2,3.0,1.45,0.12,2018-2019,10000000.0
121,Gorgui Dieng,Min,C,29.23,6.4,0.9,13.6,4.1,0.62,0.54,2018-2019,15170787.0
122,Davis Bertans,San,F,26.41,8.0,1.3,21.5,3.5,0.46,0.43,2018-2019,7000000.0
123,Cedi Osman,Cle,F,24.01,13.0,2.6,32.2,4.7,0.78,0.14,2018-2019,2775000.0
124,Vince Carter,Atl,G-F,42.21,7.4,1.1,17.5,2.6,0.58,0.36,2018-2019,1512601.0
125,JJ Redick,Phi,G,34.8,18.0,2.7,31.3,2.4,0.42,0.21,2018-2019,12250000.0
126,Derrick Favors,Uta,F-C,27.74,11.8,1.2,23.2,7.4,0.74,1.39,2018-2019,16900000.0
127,Jamal Murray,Den,G,22.13,18.2,4.8,32.6,4.2,0.89,0.36,2018-2019,3499800.0
128,Kevin Huerter,Atl,G,20.62,9.7,2.9,27.3,3.3,0.88,0.33,2018-2019,2250960.0
129,Nicolas Batum,Cha,G-F,30.32,9.3,3.3,31.4,5.2,0.95,0.57,2018-2019,24000000.0
130,Torrey Craig,Den,F,28.31,5.7,1.0,20.0,3.5,0.49,0.61,2018-2019,2000000.0
131,Jonathan Isaac,Orl,F,21.52,9.6,1.1,26.6,5.5,0.79,1.29,2018-2019,4969080.0
132,Lou Williams,Lac,G,32.46,20.0,5.3,26.6,3.0,0.75,0.15,2018-2019,8000000.0
133,Marvin Williams,Cha,F,32.81,10.1,1.2,28.4,5.4,0.92,0.8,2018-2019,14087500.0
134,Blake Griffin,Det,F,30.07,24.5,5.4,35.0,7.5,0.69,0.37,2018-2019,32088932.0
135,JaVale McGee,Lal,C,31.23,12.0,0.7,22.3,7.6,0.64,1.96,2018-2019,1512601.0
136,Jaylen Brown,Bos,F,22.46,13.0,1.4,25.9,4.2,0.95,0.43,2018-2019,5169960.0
137,Terrance Ferguson,Okc,G,20.9,6.9,1.0,26.1,1.9,0.54,0.22,2018-2019,2118840.0
138,Tony Snell,Mil,G,27.42,6.0,0.9,17.6,2.1,0.35,0.24,2018-2019,10807143.0
139,Josh Okogie,Min,G,20.61,7.7,1.2,23.7,2.9,1.19,0.45,2018-2019,2160720.0
140,Quinn Cook,Gol,G,26.05,6.9,1.5,14.3,2.1,0.27,0.04,2018-2019,1544951.0
141,Seth Curry,Por,G,28.63,7.9,0.9,18.9,1.6,0.47,0.16,2018-2019,2795000.0
142,Robin Lopez,Chi,C,31.03,9.5,1.2,21.7,3.9,0.15,1.05,2018-2019,14357750.0
143,Myles Turner,Ind,F-C,23.05,13.3,1.6,28.6,7.2,0.81,2.69,2018-2019,3410284.0
144,Bruce Brown,Det,G,22.65,4.3,1.2,19.6,2.5,0.54,0.49,2018-2019,838464.0
145,Serge Ibaka,Tor,F-C,29.56,15.0,1.3,27.2,8.1,0.39,1.38,2018-2019,21666667.0
146,Domantas Sabonis,Ind,F,22.94,14.1,2.9,24.8,9.4,0.68,0.41,2018-2019,2659800.0
147,Damyean Dotson,Nyk,G,24.93,10.7,1.8,27.4,3.6,0.79,0.14,2018-2019,1378242.0
148,Jalen Brunson,Dal,G,22.61,9.3,3.2,21.8,2.3,0.51,0.05,2018-2019,1230000.0
149,Julius Randle,Nor,F,24.37,21.4,3.1,30.6,8.7,0.71,0.62,2018-2019,8641000.0
150,Jonas Jerebko,Gol,F,32.11,6.3,1.3,16.7,3.9,0.37,0.25,2018-2019,1512601.0
151,Malik Monk,Cha,G,21.18,8.9,1.6,17.2,1.9,0.51,0.26,2018-2019,3447480.0
152,Shaquille Harrison,Chi,G,25.51,6.5,1.9,19.6,3.0,1.22,0.41,2018-2019,1311265.0
153,Gerald Green,Hou,G-F,33.21,9.2,0.5,20.2,2.5,0.45,0.37,2018-2019,1512601.0
154,Josh Richardson,Mia,F,25.57,16.6,4.1,34.8,3.6,1.08,0.45,2018-2019,9367200.0
155,Evan Turner,Por,G-F,30.45,6.8,3.9,22.0,4.5,0.45,0.25,2018-2019,17868853.0
156,Andrew Wiggins,Min,G-F,24.13,18.1,2.5,34.8,4.8,0.97,0.66,2018-2019,25467250.0
157,Russell Westbrook,Okc,G,30.41,22.9,10.7,36.0,11.1,1.95,0.45,2018-2019,35654150.0
158,Luka Doncic,Dal,G-F,20.12,21.2,6.0,32.2,7.8,1.08,0.35,2018-2019,6560640.0
159,Alfonzo McKinnie,Gol,F,26.56,4.7,0.4,13.9,3.4,0.26,0.21,2018-2019,1349383.0
160,Dwyane Wade,Mia,G,37.23,15.0,4.2,26.2,4.0,0.82,0.53,2018-2019,1512601.0
161,Giannis Antetokounmpo,Mil,F,24.35,27.7,5.9,32.8,12.5,1.26,1.53,2018-2019,24157303.0
162,Hassan Whiteside,Mia,C,29.83,12.3,0.8,23.3,11.4,0.64,1.89,2018-2019,25434262.0
163,Gordon Hayward,Bos,F,29.05,11.5,3.4,25.9,4.5,0.82,0.32,2018-2019,31214295.0
164,Thomas Bryant,Was,C,21.7,10.5,1.3,20.8,6.3,0.35,0.93,2018-2019,1378242.0
165,Jusuf Nurkic,Por,C,24.63,15.6,3.2,27.4,10.4,0.97,1.43,2018-2019,11111111.0
166,Jake Layman,Por,F,25.1,7.6,0.7,18.7,3.1,0.44,0.42,2018-2019,1544951.0
167,Deandre Ayton,Pho,C,20.72,16.3,1.8,30.7,10.3,0.87,0.94,2018-2019,8165160.0
168,Maxi Kleber,Dal,F,27.2,6.8,1.0,21.2,4.6,0.51,1.11,2018-2019,1378242.0
169,Yogi Ferrell,Sac,G,25.92,5.9,1.9,15.0,1.5,0.51,0.06,2018-2019,3000000.0
170,CJ McCollum,Por,G,27.56,21.0,3.0,33.9,4.0,0.79,0.39,2018-2019,25759766.0
171,Richaun Holmes,Pho,F-C,25.49,8.2,0.9,16.9,4.7,0.6,1.13,2018-2019,1600520.0
172,Kyle Kuzma,Lal,F,23.72,18.7,2.5,33.1,5.5,0.57,0.37,2018-2019,1689840.0
173,Mike Conley,Mem,G,31.5,21.1,6.4,33.5,3.4,1.34,0.31,2018-2019,30521115.0
174,Bogdan Bogdanovic,Sac,G,26.64,14.1,3.8,27.8,3.5,1.03,0.21,2018-2019,9000000.0
175,Paul Millsap,Den,F,34.16,12.6,2.0,27.1,7.2,1.17,0.77,2018-2019,29230769.0
176,Taj Gibson,Min,F,33.8,10.8,1.2,24.1,6.5,0.76,0.56,2018-2019,14000000.0
177,Stephen Curry,Gol,G,31.07,27.3,5.2,33.8,5.3,1.33,0.38,2018-2019,37457154.0
178,Tyreke Evans,Ind,G,29.56,10.2,2.4,20.3,2.9,0.83,0.28,2018-2019,12400000.0
179,Darius Miller,Nor,F,29.06,8.2,2.1,25.5,1.8,0.58,0.33,2018-2019,2205000.0
180,Rudy Gay,San,F,32.65,13.7,2.6,26.7,6.8,0.78,0.49,2018-2019,10087200.0
181,Dario Saric,Min,F,25.01,10.5,1.5,23.9,5.4,0.6,0.12,2018-2019,2526840.0
182,Ricky Rubio,Uta,G,28.47,12.7,6.1,27.9,3.6,1.35,0.15,2018-2019,14975000.0
183,Tyus Jones,Min,G,22.92,6.9,4.8,22.9,2.0,1.19,0.07,2018-2019,2444053.0
184,Zaza Pachulia,Det,C,35.16,3.9,1.3,12.9,3.9,0.46,0.25,2018-2019,1512601.0
185,Danilo Gallinari,Lac,F,30.67,19.8,2.6,30.3,6.1,0.72,0.34,2018-2019,21587579.0
186,Spencer Dinwiddie,Bro,G,26.01,16.8,4.6,28.1,2.4,0.59,0.25,2018-2019,1656092.0
187,Andre Iguodala,Gol,G-F,35.2,5.7,3.2,23.2,3.7,0.9,0.75,2018-2019,16000000.0
188,Al Horford,Bos,F-C,32.86,13.6,4.1,29.0,6.7,0.85,1.26,2018-2019,28928709.0
189,Wes Iwundu,Orl,F,24.31,5.0,1.1,18.1,2.7,0.41,0.32,2018-2019,1378242.0
190,Noah Vonleh,Nyk,F,23.63,8.4,1.9,25.3,7.8,0.66,0.75,2018-2019,1512601.0
191,Lance Stephenson,Lal,G,28.6,7.2,2.1,16.5,3.2,0.6,0.1,2018-2019,4449000.0
192,Eric Gordon,Hou,G,30.29,16.2,1.9,31.7,2.2,0.6,0.4,2018-2019,13500375.0
193,Devin Harris,Dal,G,36.12,6.3,1.8,15.7,1.6,0.51,0.24,2018-2019,1512601.0
194,Jordan Bell,Gol,F,24.26,3.3,1.1,11.6,2.7,0.26,0.76,2018-2019,1378242.0
195,Derrick White,San,G,24.78,9.9,3.9,25.8,3.7,1.0,0.7,2018-2019,1667160.0
196,Jrue Holiday,Nor,G,28.83,21.2,7.7,35.8,5.0,1.64,0.81,2018-2019,25976111.0
197,DeMarre Carroll,Bro,F,32.71,11.1,1.3,25.4,5.2,0.45,0.15,2018-2019,15400000.0
198,Clint Capela,Hou,C,24.9,16.6,1.4,33.6,12.6,0.66,1.52,2018-2019,13793104.0
199,Kent Bazemore,Atl,G,29.78,11.6,2.3,24.5,3.9,1.33,0.63,2018-2019,18089887.0
200,Ersan Ilyasova,Mil,F,31.91,6.8,0.8,18.4,4.5,0.48,0.3,2018-2019,7000000.0
201,Josh Hart,Lal,G,24.1,7.8,1.4,25.6,3.7,0.96,0.6,2018-2019,1655160.0
202,Kyrie Irving,Bos,G,27.05,23.8,6.9,33.0,5.0,1.55,0.51,2018-2019,20099189.0
203,Larry Nance Jr.,Cle,F,26.27,9.4,3.2,26.8,8.2,1.49,0.6,2018-2019,2272391.0
204,OG Anunoby,Tor,F,21.74,7.0,0.7,20.2,2.9,0.69,0.33,2018-2019,2034120.0
205,Mitchell Robinson,Nyk,C,21.03,7.3,0.6,20.6,6.4,0.79,2.44,2018-2019,1485440.0
206,Draymond Green,Gol,F,29.1,7.4,6.9,31.3,7.3,1.44,1.08,2018-2019,17469565.0
207,Rodney McGruder,Mia,G-F,27.7,7.6,1.7,23.5,3.6,0.53,0.2,2018-2019,1544951.0
208,Justise Winslow,Mia,F,23.04,12.6,4.3,29.7,5.4,1.09,0.29,2018-2019,3448926.0
209,Daniel Theis,Bos,F,27.02,5.7,1.0,13.8,3.4,0.32,0.62,2018-2019,1378242.0
210,Anthony Tolliver,Min,F,33.86,5.0,0.7,16.6,2.7,0.26,0.32,2018-2019,4750000.0
211,Kyle Lowry,Tor,G,33.05,14.2,8.7,34.1,4.8,1.4,0.48,2018-2019,31200000.0
212,Joel Embiid,Phi,F-C,25.07,27.5,3.7,33.7,13.6,0.72,1.91,2018-2019,25467250.0
213,Malcolm Brogdon,Mil,G,26.33,15.6,3.2,28.6,4.5,0.72,0.19,2018-2019,1544951.0
214,Cheick Diallo,Nor,F,22.57,6.0,0.5,14.0,5.2,0.45,0.52,2018-2019,1544951.0
215,Dewayne Dedmon,Atl,C,29.66,10.8,1.4,25.1,7.5,1.08,1.13,2018-2019,7200000.0
216,Michael Kidd-Gilchrist,Cha,F,25.54,6.7,1.0,18.4,3.8,0.5,0.61,2018-2019,13000000.0
217,Dante Cunningham,San,F,31.97,3.0,0.8,14.5,2.9,0.41,0.2,2018-2019,2487000.0
218,Jamal Crawford,Pho,G,39.06,7.9,3.6,18.9,1.3,0.52,0.19,2018-2019,1512601.0
219,Fred VanVleet,Tor,G,25.12,11.0,4.8,27.5,2.6,0.89,0.3,2018-2019,8653847.0
220,Sindarius Thornwell,Lac,G,24.4,1.0,0.3,4.9,0.7,0.22,0.11,2018-2019,1378242.0
221,Allonzo Trier,Nyk,G,23.23,10.9,1.9,22.8,3.1,0.44,0.22,2018-2019,3382000.0
222,Shaun Livingston,Gol,G,33.58,4.0,1.8,15.1,1.8,0.48,0.42,2018-2019,8307692.0
223,Devin Booker,Pho,G,22.44,26.6,6.8,35.0,4.1,0.88,0.2,2018-2019,3314365.0
224,Trey Lyles,Den,F,23.43,8.7,1.4,17.8,3.9,0.48,0.38,2018-2019,3364249.0
225,Patrick Patterson,Okc,F,30.08,3.6,0.5,13.7,2.3,0.25,0.21,2018-2019,5451600.0
226,Luke Kennard,Det,G,22.8,9.7,1.8,22.8,2.9,0.41,0.14,2018-2019,3275280.0
227,Rodions Kurucs,Bro,F,21.18,8.5,0.8,20.5,3.9,0.67,0.43,2018-2019,1618320.0
228,Zach LaVine,Chi,G,24.09,23.7,4.5,34.5,4.7,0.95,0.41,2018-2019,19500000.0
229,Marvin Bagley III,Sac,F,20.08,14.9,1.0,25.3,7.6,0.53,0.95,2018-2019,7305600.0
230,Tyrone Wallace,Lac,G,24.84,3.5,0.7,10.1,1.6,0.34,0.11,2018-2019,1349383.0
231,John Collins,Atl,F-C,21.55,19.5,2.0,30.0,9.8,0.36,0.64,2018-2019,2299080.0
232,Abdel Nader,Okc,F,25.54,4.0,0.3,11.4,1.9,0.33,0.2,2018-2019,1378242.0
233,Pat Connaughton,Mil,G,26.26,6.9,2.0,20.7,4.2,0.54,0.43,2018-2019,1641000.0
234,Frank Jackson,Nor,G,20.94,8.1,1.1,19.2,2.2,0.41,0.03,2018-2019,1378242.0
235,Meyers Leonard,Por,F-C,27.12,5.9,1.2,14.4,3.8,0.21,0.15,2018-2019,10595506.0
236,Jerian Grant,Orl,G,26.5,4.2,2.6,15.6,1.7,0.73,0.1,2018-2019,2639314.0
237,Kawhi Leonard,Tor,F,27.78,26.6,3.3,34.0,7.3,1.77,0.42,2018-2019,23114067.0
238,Cristiano Felicio,Chi,F-C,26.76,4.0,0.6,12.4,3.7,0.18,0.12,2018-2019,8740980.0
239,Maurice Harkless,Por,F,25.92,7.7,1.2,23.6,4.5,1.12,0.92,2018-2019,10837079.0
240,Derrick Jones Jr.,Mia,F-G,22.15,7.0,0.6,19.2,4.0,0.77,0.7,2018-2019,1512601.0
241,Norman Powell,Tor,F-G,25.88,8.6,1.5,18.8,2.3,0.65,0.22,2018-2019,9367200.0
242,Ian Clark,Nor,G,28.1,6.7,1.6,16.2,1.5,0.37,0.13,2018-2019,1512601.0
243,Emmanuel Mudiay,Nyk,G,23.1,14.8,3.9,27.2,3.3,0.73,0.32,2018-2019,4294480.0
244,Rondae Hollis-Jefferson,Bro,F,24.27,8.9,1.6,20.9,5.3,0.75,0.46,2018-2019,2470357.0
245,Ante Zizic,Cle,C,22.27,7.8,0.9,18.3,5.4,0.22,0.37,2018-2019,1952760.0
246,Georges Niang,Uta,F,25.82,4.0,0.6,8.8,1.5,0.17,0.1,2018-2019,1512601.0
247,Jahlil Okafor,Nor,C,23.32,8.2,0.7,15.8,4.7,0.25,0.68,2018-2019,1567707.0
248,Jared Dudley,Bro,F,33.75,4.9,1.4,20.7,2.6,0.61,0.27,2018-2019,9530000.0
249,Jaren Jackson Jr.,Mem,F-C,19.57,13.8,1.1,26.1,4.7,0.9,1.41,2018-2019,5915040.0
250,Chris Paul,Hou,G,33.93,15.6,8.2,32.0,4.6,1.97,0.31,2018-2019,35654150.0
251,Sterling Brown,Mil,G,24.16,6.4,1.4,17.8,3.2,0.43,0.14,2018-2019,1378242.0
252,Harry Giles III,Sac,F-C,20.97,7.0,1.5,14.1,3.8,0.53,0.38,2018-2019,2207040.0
253,Mario Hezonja,Nyk,F,24.12,8.8,1.5,20.8,4.1,0.98,0.14,2018-2019,6500000.0
254,Willy Hernangomez,Cha,C,24.87,7.3,1.0,14.0,5.4,0.28,0.36,2018-2019,1544951.0
255,Antonio Blakeney,Chi,G,22.52,7.3,0.7,14.5,1.9,0.21,0.16,2018-2019,1349383.0
256,Gary Harris,Den,G,24.57,12.9,2.2,28.8,2.8,0.96,0.33,2018-2019,16517857.0
257,Ish Smith,Det,G,30.77,8.9,3.6,22.3,2.6,0.52,0.2,2018-2019,6000000.0
258,Anthony Davis,Nor,F-C,26.09,25.9,3.9,33.0,12.0,1.57,2.41,2018-2019,25434263.0
259,Shabazz Napier,Bro,G,27.74,9.4,2.6,17.6,1.8,0.75,0.29,2018-2019,1942422.0
260,Tony Parker,Cha,G,36.9,9.5,3.7,17.9,1.5,0.38,0.13,2018-2019,5000000.0
261,Semi Ojeleye,Bos,F,24.35,3.3,0.4,10.6,1.5,0.18,0.07,2018-2019,1378242.0
262,Tobias Harris,Lac,F,26.74,20.9,2.7,34.6,7.8,0.73,0.44,2018-2019,14800000.0
263,James Johnson,Mia,F,32.14,7.8,2.5,21.2,3.2,0.64,0.49,2018-2019,14651700.0
264,Taurean Prince,Atl,F,25.06,13.5,2.1,28.2,3.6,0.96,0.35,2018-2019,2526840.0
265,LeBron James,Lal,F,34.28,27.4,8.3,35.2,8.4,1.31,0.6,2018-2019,35654150.0
266,Jimmy Butler,Phi,G-F,29.57,18.2,4.0,33.2,5.3,1.8,0.53,2018-2019,20445779.0
267,Kyle Korver,Uta,G-F,38.07,9.1,1.2,20.0,2.5,0.41,0.19,2018-2019,7560000.0
268,Bismack Biyombo,Cha,C,26.62,4.4,0.6,14.5,4.6,0.19,0.76,2018-2019,17000000.0
269,Landry Shamet,Phi,G,22.08,8.3,1.1,20.5,1.4,0.44,0.15,2018-2019,1703649.0
270,Elie Okobo,Pho,G,21.47,5.7,2.4,18.1,1.9,0.6,0.13,2018-2019,1238464.0
271,E'Twaun Moore,Nor,G,30.12,11.9,1.9,27.6,2.4,0.75,0.15,2018-2019,8808685.0
272,Shelvin Mack,Mem,G,28.97,7.9,3.4,22.7,1.9,0.83,0.08,2018-2019,1512601.0
273,Quincy Pondexter,San,F,31.09,1.8,0.5,5.5,0.9,0.21,0.02,2018-2019,1512601.0
274,Marc Gasol,Mem,C,34.2,15.7,4.7,33.7,8.6,1.13,1.21,2018-2019,24119025.0
275,Mike Scott,Lac,F,30.74,4.8,0.8,14.4,3.3,0.33,0.15,2018-2019,4320500.0
276,Lauri Markkanen,Chi,F,21.89,18.7,1.4,32.3,9.1,0.71,0.63,2018-2019,4536120.0
277,Justin Jackson,Sac,F,24.04,6.7,1.3,20.8,2.8,0.44,0.25,2018-2019,2807880.0
278,Brandon Ingram,Lal,F,21.61,18.3,3.0,33.9,5.2,0.54,0.6,2018-2019,5757120.0
279,Troy Brown Jr.,Was,F,19.7,4.8,1.5,14.0,2.8,0.4,0.1,2018-2019,2749080.0
280,Ekpe Udoh,Uta,C-F,31.89,2.3,0.5,6.3,1.8,0.18,0.61,2018-2019,3360000.0
281,Amir Johnson,Phi,C-F,31.95,3.9,1.2,10.4,2.9,0.31,0.27,2018-2019,1512601.0
282,Aron Baynes,Bos,F-C,32.34,5.6,1.1,16.1,4.7,0.24,0.67,2018-2019,5193600.0
283,Dirk Nowitzki,Dal,F,40.81,7.3,0.7,15.6,3.1,0.18,0.35,2018-2019,5000000.0
284,David Nwaba,Cle,G,26.24,6.5,1.1,19.3,3.2,0.71,0.33,2018-2019,1512601.0
285,Jeremy Lin,Atl,G,30.63,10.7,3.5,19.7,2.3,0.75,0.14,2018-2019,487109.0
286,Gary Clark,Hou,F,24.4,2.9,0.4,12.6,2.3,0.39,0.53,2018-2019,596873.0
287,Troy Daniels,Pho,G,27.74,6.2,0.5,14.9,1.4,0.51,0.1,2018-2019,3258539.0
288,Hamidou Diallo,Okc,G,20.7,3.7,0.3,10.3,1.9,0.41,0.2,2018-2019,838464.0
289,Derrick Rose,Min,G,30.52,18.0,4.3,27.3,2.7,0.59,0.24,2018-2019,1512601.0
290,Thabo Sefolosha,Uta,F,34.94,3.8,0.5,12.2,2.5,0.86,0.1,2018-2019,5250000.0
291,De'Anthony Melton,Pho,G,20.87,5.0,3.2,19.7,2.7,1.36,0.46,2018-2019,949000.0
292,DeAndre Jordan,Dal,C,30.72,11.0,2.0,31.1,13.7,0.64,1.06,2018-2019,22897200.0
293,Khem Birch,Orl,C,26.53,4.8,0.8,12.9,3.8,0.36,0.6,2018-2019,1378242.0
294,Aaron Holiday,Ind,G,22.53,5.9,1.7,12.9,1.3,0.4,0.26,2018-2019,1911960.0
295,Garrett Temple,Mem,G-F,32.93,9.4,1.4,31.2,3.1,1.02,0.49,2018-2019,8000000.0
296,Chasson Randle,Was,G,26.18,5.5,2.0,15.2,1.1,0.51,0.06,2018-2019,869094.0
297,Ivan Rabb,Mem,F,22.18,5.8,1.1,14.7,4.2,0.35,0.29,2018-2019,1378242.0
298,Harrison Barnes,Dal,F,26.86,17.7,1.3,32.3,4.2,0.67,0.22,2018-2019,24107258.0
299,Delon Wright,Tor,G,26.96,6.9,2.2,18.3,2.6,0.94,0.31,2018-2019,2536898.0
300,Avery Bradley,Lac,G,28.37,8.2,2.0,29.9,2.7,0.55,0.33,2018-2019,12000000.0
301,Cody Zeller,Cha,F-C,26.51,10.1,2.1,25.4,6.8,0.78,0.86,2018-2019,13528090.0
302,Stanley Johnson,Det,F,22.87,7.5,1.3,20.0,3.6,1.0,0.27,2018-2019,3940402.0
303,Tyson Chandler,Lal,C,36.52,3.1,0.6,16.4,5.6,0.4,0.5,2018-2019,1333140.0
304,Jose Calderon,Det,G,37.54,2.4,2.4,13.2,1.3,0.33,0.06,2018-2019,1512601.0
305,Furkan Korkmaz,Phi,G-F,21.72,5.8,1.1,14.2,2.3,0.6,0.04,2018-2019,1740000.0
306,Justin Anderson,Atl,G-F,25.39,3.7,0.5,9.7,1.8,0.46,0.27,2018-2019,2516048.0
307,D.J. Wilson,Mil,F,23.14,5.8,1.1,18.4,4.6,0.38,0.42,2018-2019,2534280.0
308,Marcin Gortat,Lac,C,35.15,5.0,1.4,16.0,5.6,0.13,0.51,2018-2019,13565218.0
309,Glenn Robinson III,Det,G-F,25.26,4.2,0.4,13.0,1.5,0.3,0.17,2018-2019,4075000.0
310,Frank Kaminsky,Cha,F-C,26.02,8.6,1.3,16.1,3.5,0.26,0.28,2018-2019,3627842.0
311,Mike Muscala,Phi,F-C,27.78,7.4,1.3,22.2,4.3,0.38,0.57,2018-2019,5000000.0
312,Lonzo Ball,Lal,G,21.46,9.9,5.4,30.3,5.3,1.47,0.4,2018-2019,7461960.0
313,Mo Bamba,Orl,C,20.92,6.2,0.8,16.3,4.9,0.28,1.36,2018-2019,4865040.0
314,George Hill,Mil,G,32.94,6.8,2.1,20.4,2.6,0.83,0.15,2018-2019,19000000.0
315,Austin Rivers,Hou,G,26.69,8.7,2.3,28.6,1.9,0.62,0.28,2018-2019,922943.0
316,Tim Frazier,Nor,G,28.44,5.0,4.4,19.3,2.9,0.53,0.09,2018-2019,196553.0
317,Kenrich Williams,Nor,G-F,24.36,6.1,1.8,23.5,4.8,0.96,0.41,2018-2019,838464.0
318,Devonte' Graham,Cha,G,24.13,4.7,2.6,14.7,1.4,0.5,0.04,2018-2019,988464.0
319,Dragan Bender,Pho,F,21.4,5.0,1.2,18.0,4.0,0.39,0.5,2018-2019,4661280.0
320,Luke Kornet,Nyk,F-C,23.74,7.0,1.2,17.0,2.9,0.59,0.91,2018-2019,1619260.0
321,Kris Dunn,Chi,G,25.07,11.3,6.0,30.2,4.1,1.48,0.46,2018-2019,4221000.0
322,Tim Hardaway Jr.,Nyk,G,27.07,19.1,2.7,32.6,3.5,0.91,0.13,2018-2019,19200127.0
323,Rajon Rondo,Lal,G,33.13,9.2,8.0,29.8,5.3,1.2,0.15,2018-2019,9000000.0
324,Lance Thomas,Nyk,F,30.96,4.5,0.6,17.0,2.5,0.37,0.15,2018-2019,7119650.0
325,Omari Spellman,Atl,F,21.72,5.9,1.0,17.5,4.2,0.54,0.57,2018-2019,1620480.0
326,Rodney Hood,Cle,G,26.47,12.2,2.0,27.4,2.5,0.84,0.11,2018-2019,3472887.0
327,Kyle O'Quinn,Ind,C,29.04,3.5,1.2,8.2,2.6,0.2,0.56,2018-2019,4449000.0
328,Enes Kanter,Nyk,C,26.89,14.0,1.9,25.6,10.5,0.41,0.41,2018-2019,487109.0
329,Reggie Bullock,Det,F,28.07,12.1,2.5,30.8,2.8,0.55,0.11,2018-2019,2500000.0
330,Chandler Hutchison,Chi,F,22.96,5.2,0.8,20.3,4.2,0.52,0.14,2018-2019,1990520.0
331,Solomon Hill,Nor,F,28.07,4.3,1.3,20.0,3.0,0.52,0.23,2018-2019,12252928.0
332,Tyler Johnson,Mia,G,26.93,10.8,2.5,25.5,2.7,0.91,0.48,2018-2019,19356932.0
333,Wesley Matthews,Dal,G-F,32.49,13.1,2.3,29.8,2.3,0.77,0.25,2018-2019,512746.0
334,Wendell Carter Jr.,Chi,F,19.99,10.3,1.8,25.2,7.0,0.59,1.34,2018-2019,4441200.0
335,Jonah Bolden,Phi,F,23.27,4.7,0.9,14.5,3.8,0.39,0.89,2018-2019,1690000.0
336,Dion Waiters,Mia,G,27.34,12.0,2.8,25.9,2.7,0.66,0.2,2018-2019,11550000.0
337,Justin Holiday,Mem,F-G,30.02,9.5,1.4,29.1,3.5,1.23,0.34,2018-2019,4384616.0
338,Nik Stauskas,Por,G,25.51,6.1,1.4,15.3,1.8,0.32,0.09,2018-2019,504200.0
339,Allen Crabbe,Bro,G-F,27.0,9.6,1.1,26.4,3.4,0.53,0.3,2018-2019,18500000.0
340,Kyle Anderson,Mem,F,25.56,8.0,3.0,29.8,5.9,1.26,0.86,2018-2019,8641000.0
341,Wayne Selden,Chi,G-F,24.53,8.0,1.7,22.9,3.2,0.53,0.16,2018-2019,1544951.0
342,T.J. Warren,Pho,F,25.6,18.0,1.5,31.6,4.0,1.19,0.67,2018-2019,11750000.0
343,Trevor Ariza,Was,F,33.78,14.1,3.8,34.1,5.2,1.23,0.3,2018-2019,15000000.0
344,Dwayne Bacon,Cha,G-F,23.61,7.3,1.1,17.6,2.1,0.28,0.12,2018-2019,1378242.0
345,Frank Ntilikina,Nyk,G,20.7,5.7,2.8,21.0,2.0,0.7,0.33,2018-2019,4155720.0
346,Moritz Wagner,Lal,C,21.96,4.8,0.6,10.4,2.0,0.23,0.3,2018-2019,1762080.0
347,Will Barton,Den,G,28.26,11.5,2.9,27.7,4.6,0.42,0.51,2018-2019,11830358.0
348,Tristan Thompson,Cle,F-C,28.08,10.9,2.0,27.9,10.2,0.63,0.37,2018-2019,17469565.0
349,Jarell Martin,Orl,F,24.88,2.7,0.4,7.8,1.7,0.07,0.19,2018-2019,2416222.0
350,Kosta Koufos,Sac,C,30.13,3.7,0.9,11.9,4.2,0.36,0.43,2018-2019,8739500.0
351,Dante Exum,Uta,G,23.75,6.9,2.6,15.8,1.6,0.33,0.12,2018-2019,9600000.0
352,Jeff Teague,Min,G,30.83,12.1,8.2,30.1,2.5,1.05,0.43,2018-2019,19000000.0
353,Joakim Noah,Mem,C,34.12,7.1,2.1,16.5,5.7,0.48,0.74,2018-2019,1093858.0
354,Ryan Broekhoff,Dal,G-F,28.63,4.0,0.5,10.8,1.5,0.14,0.1,2018-2019,838464.0
355,Iman Shumpert,Sac,G,28.79,8.9,2.2,26.2,3.1,1.12,0.48,2018-2019,11011234.0
356,Elfrid Payton,Nor,G,25.13,10.6,7.6,29.8,5.3,1.05,0.4,2018-2019,3000000.0
357,Otto Porter Jr.,Was,F,25.86,12.6,2.0,29.1,5.7,1.54,0.54,2018-2019,26011913.0
358,Jon Leuer,Det,F,29.91,3.8,0.3,9.8,2.4,0.29,0.1,2018-2019,10002681.0
359,Jonathon Simmons,Orl,F,29.57,6.9,2.3,20.6,2.5,0.41,0.34,2018-2019,6000000.0
360,Guerschon Yabusele,Bos,F,23.32,2.3,0.4,6.1,1.3,0.2,0.17,2018-2019,2667600.0
361,JaMychal Green,Mem,F,28.81,9.8,0.9,21.9,6.1,0.8,0.63,2018-2019,7666667.0
362,James Ennis III,Hou,F,28.78,7.4,0.7,23.7,2.9,0.95,0.4,2018-2019,1621415.0
363,Kelly Oubre Jr.,Pho,F,23.34,16.9,1.6,29.5,4.9,1.45,0.98,2018-2019,3208630.0
364,Caris LeVert,Bro,G,24.63,13.7,3.9,26.6,3.8,1.05,0.35,2018-2019,1702800.0
365,Jevon Carter,Mem,G,23.57,4.4,1.8,14.8,1.7,0.67,0.26,2018-2019,838464.0
366,Isaiah Briscoe,Orl,G,22.99,3.5,2.2,14.3,1.9,0.28,0.05,2018-2019,838464.0
367,Jabari Parker,Chi,F,24.07,14.3,2.2,26.7,6.2,0.62,0.36,2018-2019,20000000.0
368,Danuel House Jr.,Hou,F-G,25.84,9.4,1.0,25.1,3.6,0.54,0.28,2018-2019,247827.0
369,Sam Dekker,Was,F,24.93,6.1,1.0,16.3,3.0,0.74,0.18,2018-2019,2760095.0
370,Greg Monroe,Tor,C,28.85,4.8,0.4,11.1,4.1,0.34,0.21,2018-2019,59820.0
371,J.J. Barea,Dal,G,34.79,10.9,5.6,19.8,2.5,0.58,0.0,2018-2019,3710850.0
372,Grayson Allen,Uta,G,23.51,5.6,0.7,11.0,0.6,0.13,0.16,2018-2019,2074320.0
373,Raul Neto,Uta,G,26.89,5.3,2.5,12.8,1.7,0.38,0.11,2018-2019,2150000.0
374,Omri Casspi,Mem,F,30.8,6.3,0.7,14.5,3.2,0.56,0.25,2018-2019,1512601.0
375,Brad Wanamaker,Bos,G,29.71,3.9,1.6,9.5,1.1,0.33,0.06,2018-2019,838464.0
376,Wilson Chandler,Phi,F,31.92,6.7,2.0,26.4,4.6,0.61,0.5,2018-2019,12800562.0
377,Salah Mejri,Dal,C,32.82,3.9,1.0,11.1,3.6,0.28,0.75,2018-2019,512746.0
378,Channing Frye,Cle,F-C,35.9,3.6,0.6,9.5,1.4,0.17,0.14,2018-2019,1512601.0
379,Matthew Dellavedova,Cle,G,28.59,7.3,4.2,19.9,1.9,0.33,0.06,2018-2019,9607500.0
380,Goran Dragic,Mia,G,32.93,13.7,4.8,27.5,3.1,0.83,0.14,2018-2019,18109175.0
381,Victor Oladipo,Ind,G,26.93,18.8,5.2,31.9,5.6,1.67,0.31,2018-2019,21000000.0
382,Thon Maker,Mil,F,22.12,4.7,0.5,11.7,2.7,0.29,0.51,2018-2019,2799720.0
383,Treveon Graham,Bro,F,25.45,5.3,1.0,20.4,3.0,0.37,0.2,2018-2019,1512601.0
384,Markieff Morris,Was,F,29.61,11.5,1.8,26.0,5.1,0.71,0.59,2018-2019,427288.0
385,Boban Marjanovic,Lac,C,30.65,7.1,0.6,11.1,4.5,0.29,0.5,2018-2019,7000000.0
386,Jaylen Adams,Atl,G,22.93,3.2,1.9,12.6,1.8,0.38,0.15,2018-2019,270014.0
387,Bruno Caboclo,Mem,F,23.55,8.3,1.5,23.5,4.6,0.41,0.97,2018-2019,522151.0
388,Alec Burks,Cle,G,27.73,11.6,2.9,28.8,5.5,0.74,0.47,2018-2019,11536515.0
389,Ian Mahinmi,Was,C,32.43,4.1,0.7,14.6,3.8,0.74,0.47,2018-2019,15944154.0
390,Jerryd Bayless,Min,G,30.64,6.1,3.5,19.3,1.9,0.53,0.06,2018-2019,8575916.0
391,Ivica Zubac,Lal,C,22.07,8.5,0.8,15.6,4.9,0.15,0.82,2018-2019,1544951.0
392,Raymond Felton,Okc,G,34.79,4.3,1.6,11.5,1.0,0.3,0.18,2018-2019,1512601.0
393,Trey Burke,Nyk,G,26.41,11.8,2.8,20.9,1.8,0.64,0.15,2018-2019,1795015.0
394,Jerome Robinson,Lac,G,22.13,3.4,0.6,9.7,1.2,0.33,0.09,2018-2019,3046200.0
395,John Wall,Was,G,28.6,20.7,8.7,34.5,3.6,1.53,0.91,2018-2019,19169800.0
396,Nikola Mirotic,Nor,F,28.16,16.7,1.1,28.9,8.3,0.66,0.78,2018-2019,12500000.0
397,Deonte Burton,Okc,G,25.19,2.6,0.3,7.5,0.9,0.19,0.25,2018-2019,151587.0
398,Dennis Smith Jr.,Dal,G,21.38,12.9,4.3,28.4,3.0,1.25,0.34,2018-2019,3819960.0
399,Robert Williams III,Bos,C-F,21.48,2.6,0.2,9.1,2.6,0.29,1.29,2018-2019,1654440.0
400,Cameron Payne,Chi,G,24.67,5.7,2.7,17.3,1.7,0.65,0.19,2018-2019,3263294.0
401,Alex Abrines,Okc,G,25.69,5.3,0.6,19.0,1.5,0.55,0.19,2018-2019,5455236.0
402,DeMarcus Cousins,Gol,C,28.66,16.3,3.6,25.7,8.2,1.33,1.47,2018-2019,5337000.0
403,Keita Bates-Diop,Min,F,23.21,5.0,0.6,16.8,2.8,0.6,0.47,2018-2019,838464.0
404,Jonas Valanciunas,Tor,C,26.93,12.8,1.0,18.8,7.2,0.4,0.77,2018-2019,16539326.0
405,Jacob Evans,Gol,G,21.81,1.3,0.8,6.8,0.8,0.17,0.1,2018-2019,1644240.0
406,Timothe Luwawu-Cabarrot,Chi,G-F,23.92,6.8,0.8,18.8,2.7,0.52,0.24,2018-2019,1544951.0
407,Chimezie Metu,San,F,22.06,1.8,0.4,5.0,1.2,0.21,0.07,2018-2019,838464.0
408,MarShon Brooks,Mem,G,30.21,6.6,0.9,13.3,1.6,0.31,0.14,2018-2019,1656092.0
409,Bobby Portis,Was,F,24.16,14.3,1.5,27.4,8.6,0.86,0.46,2018-2019,2494346.0
410,Chris Boucher,Tor,F,26.25,3.3,0.1,5.8,2.0,0.21,0.86,2018-2019,457418.0
411,Isaiah Hartenstein,Hou,F-C,20.93,1.9,0.5,7.9,1.7,0.25,0.43,2018-2019,838464.0
412,Wayne Ellington,Det,G,31.37,12.0,1.5,27.3,2.1,1.07,0.11,2018-2019,2383076.0
413,Pau Gasol,San,C-F,38.76,4.2,1.9,12.2,4.7,0.19,0.52,2018-2019,333285.0
414,Jordan McRae,Was,G,28.04,5.9,1.1,12.3,1.5,0.48,0.22,2018-2019,17092.0
415,Brandon Knight,Cle,G,27.36,8.5,2.3,22.9,1.9,0.7,0.07,2018-2019,14631250.0
416,Tyler Dorsey,Atl,G,23.15,3.3,0.6,9.3,1.6,0.26,0.04,2018-2019,1378242.0
417,Donte DiVincenzo,Mil,G,22.19,4.9,1.1,15.2,2.4,0.48,0.22,2018-2019,2481000.0
418,Marquese Chriss,Cle,F,21.78,5.7,0.6,14.6,4.2,0.56,0.26,2018-2019,3206160.0
419,Khyri Thomas,Det,G,22.92,2.3,0.3,7.5,0.8,0.27,0.19,2018-2019,838464.0
420,Wesley Johnson,Nor,F-G,31.75,3.7,0.6,14.5,2.1,0.46,0.27,2018-2019,6134520.0
421,Patrick McCaw,Tor,G,23.46,2.7,1.0,13.2,1.7,0.81,0.12,2018-2019,777665.0
422,Michael Beasley,Lal,F,30.25,7.0,1.0,10.7,2.3,0.35,0.38,2018-2019,3500000.0
423,Chandler Parsons,Mem,F,30.46,7.5,1.7,19.8,2.8,0.76,0.2,2018-2019,24107258.0
424,Tyler Lydon,Den,F,23.0,0.9,0.2,3.7,0.7,0.08,0.0,2018-2019,1874640.0
425,Kenneth Faried,Hou,F-C,29.39,12.9,0.7,24.4,8.3,0.6,0.76,2018-2019,683661.0
426,Corey Brewer,Sac,G-F,33.1,4.1,1.2,14.7,2.5,0.83,0.21,2018-2019,2000000.0
427,Damian Jones,Gol,C,23.78,5.4,1.2,17.1,3.1,0.5,1.04,2018-2019,1544951.0
428,John Jenkins,Nyk,G,28.1,5.2,1.0,14.5,1.6,0.0,0.09,2018-2019,486520.0
429,Robert Covington,Min,F,28.32,14.5,1.5,34.7,5.7,2.27,1.05,2018-2019,10464092.0
430,Luol Deng,Min,F,33.99,7.1,0.8,17.8,3.3,0.68,0.36,2018-2019,1512601.0
431,Isaac Bonga,Lal,G,19.42,0.9,0.7,5.5,1.1,0.41,0.18,2018-2019,1000000.0
432,Malachi Richardson,Tor,G,23.26,1.4,0.0,4.7,0.6,0.05,0.0,2018-2019,1569360.0
433,Kevin Love,Cle,F-C,30.59,17.0,2.2,27.2,10.9,0.27,0.27,2018-2019,24119025.0
434,Courtney Lee,Dal,G,33.52,3.6,1.0,12.2,1.2,0.59,0.05,2018-2019,12253780.0
435,Troy Williams,Sac,F,24.28,5.3,0.5,14.9,2.8,0.48,0.38,2018-2019,1512601.0
436,Alex Poythress,Atl,F,25.6,5.1,0.8,14.5,3.6,0.19,0.48,2018-2019,1544951.0
437,Anfernee Simons,Por,G,19.84,3.8,0.7,7.0,0.7,0.05,0.0,2018-2019,1760520.0
438,Cameron Reynolds,Min,G,24.17,5.0,0.7,13.7,1.6,0.32,0.11,2018-2019,108953.0
439,Daniel Hamilton,Atl,G-F,23.67,3.0,1.2,10.7,2.5,0.32,0.05,2018-2019,1349383.0
440,Markelle Fultz,Phi,G,20.87,8.2,3.1,22.5,3.6,0.95,0.26,2018-2019,8339880.0
441,Isaiah Canaan,Pho,G,27.89,7.5,3.3,26.4,2.6,0.63,0.0,2018-2019,1512601.0
442,Ben McLemore,Sac,G,26.16,3.9,0.2,8.3,0.9,0.32,0.16,2018-2019,5460000.0
443,Caleb Swanigan,Por,F,21.98,1.9,0.4,8.1,2.9,0.22,0.0,2018-2019,1740000.0
444,Miles Plumlee,Atl,C,30.61,4.4,0.9,9.6,2.2,0.33,0.22,2018-2019,12500000.0
445,Dillon Brooks,Mem,G-F,23.22,7.5,0.9,18.3,1.7,0.56,0.22,2018-2019,1378242.0
446,Theo Pinson,Bro,G-F,23.43,4.5,1.2,11.7,2.0,0.33,0.0,2018-2019,4737.0
447,Henry Ellenson,Nyk,F,22.24,6.0,0.9,13.8,3.4,0.41,0.12,2018-2019,341831.0
448,Lonnie Walker IV,San,G,20.32,2.6,0.5,6.9,1.0,0.41,0.12,2018-2019,2357160.0
449,Wade Baldwin IV,Por,G,23.03,1.9,0.8,5.9,0.9,0.06,0.13,2018-2019,1544951.0
450,Brandon Goodwin,Den,G,23.52,1.4,0.9,3.6,0.2,0.0,0.0,2018-2019,630032.0
451,Michael Carter-Williams,Hou,G,27.5,4.3,1.3,9.0,0.8,0.56,0.38,2018-2019,59820.0
452,Jarred Vanderbilt,Den,F,20.02,1.5,0.2,4.3,1.4,0.38,0.06,2018-2019,838464.0
453,Gary Trent Jr.,Por,G,20.23,2.7,0.3,7.4,0.7,0.07,0.13,2018-2019,838464.0
454,Ryan Anderson,Pho,F,30.93,3.7,1.1,18.5,3.0,0.2,0.07,2018-2019,20421546.0
455,Milos Teodosic,Lac,G,32.06,3.2,2.1,10.0,1.0,0.2,0.07,2018-2019,6300000.0
456,Duncan Robinson,Mia,F,24.97,3.3,0.3,10.7,1.3,0.33,0.0,2018-2019,9474.0
457,Alize Johnson,Ind,F,22.97,0.9,0.1,4.6,1.4,0.07,0.21,2018-2019,838464.0
458,John Henson,Mil,F,28.29,5.6,1.0,13.5,5.1,0.5,0.79,2018-2019,11327466.0
459,Ray Spalding,Pho,F,22.09,4.2,0.4,11.3,3.7,0.69,0.62,2018-2019,184746.0
460,Skal Labissiere,Sac,F,23.06,2.8,0.5,8.7,1.8,0.15,0.23,2018-2019,1544951.0
461,Christian Wood,Mil,F,23.54,2.8,0.2,4.7,1.5,0.0,0.0,2018-2019,1512601.0
462,Isaiah Thomas,Den,G,30.17,8.1,1.9,15.1,1.1,0.5,0.08,2018-2019,1512601.0
463,Jason Smith,Was,F-C,33.11,3.7,1.0,10.8,3.1,0.08,0.42,2018-2019,5450000.0
464,Dairis Bertans,Nor,G,29.59,2.8,0.8,13.9,0.8,0.08,0.0,2018-2019,194220.0
465,JR Smith,Cle,G-F,33.59,6.7,1.9,20.2,1.6,1.0,0.27,2018-2019,14720000.0
466,Ron Baker,Nyk,G,26.03,1.3,1.2,9.7,0.7,0.36,0.0,2018-2019,948580.0
467,Andrew Bogut,Gol,C,34.37,3.5,1.0,12.2,5.0,0.27,0.73,2018-2019,307648.0
468,Malcolm Miller,Tor,F,26.1,3.5,0.1,6.7,0.5,0.1,0.1,2018-2019,457418.0
469,Andrew Harrison,Cle,G,24.47,4.3,1.7,14.4,1.5,0.4,0.2,2018-2019,1544951.0
470,Udonis Haslem,Mia,F,38.84,2.5,0.2,7.5,2.7,0.0,0.0,2018-2019,1512601.0
471,Melvin Frazier Jr.,Orl,G-F,22.61,1.5,0.1,4.4,0.5,0.1,0.0,2018-2019,1050000.0
472,Carmelo Anthony,Hou,F,34.87,13.4,0.5,29.4,5.4,0.4,0.7,2018-2019,1512601.0
473,Dzanan Musa,Bro,G-F,19.93,2.1,0.2,4.4,0.6,0.22,0.0,2018-2019,1632240.0
474,Dwight Howard,Was,C,33.34,12.8,0.4,25.5,9.2,0.78,0.44,2018-2019,5337000.0
475,Deyonta Davis,Atl,C-F,22.35,4.0,0.6,13.2,3.9,0.33,0.56,2018-2019,25367.0
476,Jodie Meeks,Tor,G,31.64,6.4,1.0,13.0,1.5,0.13,0.13,2018-2019,3454500.0
477,Jawun Evans,Pho,G,22.71,0.9,1.4,9.1,1.7,0.43,0.0,2018-2019,1378242.0
478,Chris Chiozza,Hou,G,23.39,0.9,0.6,4.6,0.6,0.14,0.14,2018-2019,90005.0
479,Jemerrio Jones,Lal,F,24.01,4.5,2.2,23.9,8.2,1.17,1.0,2018-2019,52108.0
480,BJ Johnson,Atl,F,23.31,3.5,0.0,7.2,1.3,0.33,0.0,2018-2019,42634.0
481,Jimmer Fredette,Pho,G,30.12,3.7,1.3,10.8,1.2,0.5,0.0,2018-2019,208509.0
482,Zhaire Smith,Phi,G,19.85,6.7,1.7,18.4,2.2,0.33,0.33,2018-2019,2526840.0
483,Alan Williams,Bro,F-C,26.2,3.6,0.6,5.1,3.8,0.2,0.0,2018-2019,5000000.0
484,Isaac Humphries,Atl,C,21.26,3.0,0.0,11.3,2.2,0.2,0.0,2018-2019,47371.0
485,Tyler Zeller,Mem,C,29.23,11.5,0.8,20.6,4.5,0.25,0.75,2018-2019,59820.0
486,Mitchell Creek,Bro,F,26.95,3.8,1.3,8.9,2.5,0.25,0.0,2018-2019,47371.0
487,Jaylen Morris,Mil,G,23.56,2.5,1.0,7.1,1.3,0.5,0.0,2018-2019,1378242.0
488,Luc Mbah a Moute,Lac,F,32.59,5.0,0.5,15.3,1.8,0.25,0.25,2018-2019,4320500.0
489,Nick Young,Den,G-F,33.86,2.3,0.5,9.3,0.3,0.0,0.25,2018-2019,1042584.0
490,JaKarr Sampson,Chi,F,26.06,20.0,1.0,31.8,8.0,1.0,0.75,2018-2019,85458.0
491,Eric Moreland,Tor,F-C,27.3,1.8,1.0,9.6,4.3,0.25,0.25,2018-2019,17092.0
492,Tony Bradley,Uta,C,21.17,5.7,0.3,12.0,5.0,0.67,0.67,2018-2019,1679520.0
493,Justin Patton,Phi,C,21.83,1.7,1.0,6.9,2.0,0.67,0.0,2018-2019,2667600.0
494,Okaro White,Was,F,26.66,0.0,0.0,2.1,0.7,0.0,0.0,2018-2019,1187862.0
495,Ike Anigbogu,Ind,C,20.47,0.0,0.3,2.1,1.0,0.0,0.33,2018-2019,1378242.0
496,Donatas Motiejunas,San,F-C,28.56,2.0,0.3,4.3,1.0,0.0,0.33,2018-2019,59820.0
497,Yante Maten,Mia,F,22.66,1.0,0.0,6.5,1.5,0.5,0.0,2018-2019,18948.0
498,Zhou Qi,Hou,F-C,23.23,2.0,0.0,1.0,0.0,0.0,0.0,2018-2019,1378242.0
499,Maxi Kleber,Dal,F,28.54,9.1,1.2,25.5,5.3,0.34,1.14,2019-2020,8000000.0
500,Monte Morris,Den,G,25.13,9.0,3.5,22.4,1.9,0.75,0.23,2019-2020,1588231.0
501,Justin Holiday,Ind,F-G,31.36,8.3,1.3,25.0,3.3,1.19,0.63,2019-2020,4767000.0
502,Delon Wright,Dal,G,28.3,6.9,3.3,21.5,3.8,1.15,0.3,2019-2020,9473684.0
503,Duncan Robinson,Mia,F,26.32,13.5,1.4,29.7,3.2,0.48,0.26,2019-2020,1416852.0
504,Nikola Jokic,Den,C,25.49,19.9,7.0,32.0,9.7,1.16,0.6,2019-2020,27504630.0
505,Mikal Bridges,Pho,F,23.96,9.1,1.8,28.0,4.0,1.44,0.63,2019-2020,4161000.0
506,Dillon Brooks,Mem,G-F,24.56,16.2,2.1,28.9,3.3,0.86,0.37,2019-2020,1618520.0
507,Nemanja Bjelica,Sac,F,32.27,11.5,2.8,27.9,6.3,0.85,0.56,2019-2020,6825000.0
508,Furkan Korkmaz,Phi,G-F,23.06,9.8,1.1,21.7,2.3,0.57,0.22,2019-2020,1620564.0
509,Harrison Barnes,Sac,F,28.21,14.5,2.2,34.5,4.9,0.6,0.17,2019-2020,24147727.0
510,Cory Joseph,Sac,G,28.99,6.4,3.5,24.4,2.6,0.74,0.29,2019-2020,12000000.0
511,Bam Adebayo,Mia,C-F,23.08,15.9,5.1,33.6,10.2,1.14,1.29,2019-2020,3454080.0
512,Joe Ingles,Uta,F-G,32.87,9.8,5.2,29.7,3.9,0.9,0.15,2019-2020,11954546.0
513,Terence Davis,Tor,G,23.25,7.5,1.6,16.8,3.3,0.54,0.19,2019-2020,898310.0
514,Ivica Zubac,Lac,C,23.41,8.3,1.1,18.4,7.6,0.22,0.92,2019-2020,6481482.0
515,Buddy Hield,Sac,G,26.66,19.2,3.0,30.8,4.6,0.93,0.24,2019-2020,4861208.0
516,P.J. Tucker,Hou,F,35.28,6.9,1.6,34.3,6.6,1.08,0.53,2019-2020,8349039.0
517,Tobias Harris,Phi,F,28.08,19.6,3.2,34.3,6.9,0.72,0.56,2019-2020,32742000.0
518,Markelle Fultz,Orl,G,22.21,12.1,5.1,27.7,3.3,1.25,0.17,2019-2020,9745200.0
519,Royce O'Neale,Uta,F,27.2,6.3,2.5,28.9,5.5,0.83,0.45,2019-2020,1618520.0
520,Ben McLemore,Hou,G,27.51,10.1,0.8,22.8,2.2,0.65,0.23,2019-2020,2028594.0
521,Brad Wanamaker,Bos,G,31.06,6.9,2.5,19.3,2.0,0.85,0.21,2019-2020,1445697.0
522,Tim Hardaway Jr.,Dal,G,28.41,15.8,1.9,29.5,3.3,0.61,0.07,2019-2020,20025127.0
523,Jerami Grant,Den,F,26.43,12.0,1.2,26.6,3.5,0.7,0.8,2019-2020,9346153.0
524,Dorian Finney-Smith,Dal,F,27.28,9.5,1.6,29.9,5.7,0.63,0.55,2019-2020,4000000.0
525,T.J. McConnell,Ind,G,28.39,6.5,5.0,18.7,2.7,0.8,0.15,2019-2020,3500000.0
526,Shai Gilgeous-Alexander,Okc,G-F,22.09,19.0,3.3,34.7,5.9,1.13,0.67,2019-2020,3952920.0
527,Chris Paul,Okc,G,35.28,17.6,6.7,31.5,5.0,1.59,0.16,2019-2020,38506482.0
528,CJ McCollum,Por,G,28.9,22.2,4.4,36.5,4.3,0.77,0.6,2019-2020,27556959.0
529,Jarrett Allen,Bro,C,22.32,11.1,1.6,26.5,9.6,0.57,1.31,2019-2020,2376840.0
530,Devin Booker,Pho,G,23.79,26.6,6.5,35.9,4.2,0.69,0.26,2019-2020,27285000.0
531,Jonas Valanciunas,Mem,C,28.27,14.9,1.9,26.4,11.3,0.44,1.1,2019-2020,16000000.0
532,Anfernee Simons,Por,G,21.19,8.3,1.4,20.7,2.2,0.37,0.14,2019-2020,2149560.0
533,Kentavious Caldwell-Pope,Lal,G,27.49,9.3,1.6,25.5,2.1,0.84,0.2,2019-2020,8089282.0
534,Troy Brown Jr.,Was,G-F,21.05,10.4,2.6,25.8,5.6,1.22,0.1,2019-2020,3219480.0
535,Joe Harris,Bro,G-F,28.94,14.5,2.1,30.8,4.3,0.59,0.25,2019-2020,7666667.0
536,Semi Ojeleye,Bos,F,25.69,3.4,0.5,14.6,2.1,0.3,0.07,2019-2020,1618520.0
537,Donovan Mitchell,Uta,G,23.94,24.0,4.3,34.3,4.4,1.01,0.2,2019-2020,3635760.0
538,Dwight Howard,Lal,C-F,34.69,7.5,0.7,18.9,7.3,0.46,1.14,2019-2020,1620564.0
539,Doug McDermott,Ind,F,28.61,10.3,1.1,19.9,2.5,0.17,0.09,2019-2020,7333333.0
540,OG Anunoby,Tor,F,23.08,10.6,1.6,29.9,5.3,1.41,0.65,2019-2020,2281800.0
541,Terrence Ross,Orl,G-F,29.52,14.7,1.2,27.4,3.2,1.12,0.35,2019-2020,12500000.0
542,Grant Williams,Bos,F,21.71,3.4,1.0,15.1,2.6,0.43,0.52,2019-2020,2379840.0
543,Mike Scott,Phi,F,32.08,6.0,0.8,17.8,3.7,0.32,0.07,2019-2020,4767000.0
544,Austin Rivers,Hou,G,28.04,8.8,1.7,23.4,2.6,0.72,0.16,2019-2020,2147317.0
545,James Harden,Hou,G,30.97,34.3,7.5,36.5,6.5,1.84,0.88,2019-2020,38199000.0
546,Danny Green,Lal,G,33.15,8.0,1.3,24.8,3.3,1.24,0.46,2019-2020,14634146.0
547,Derrick White,San,G,26.12,11.3,3.5,24.7,3.3,0.66,0.85,2019-2020,1948080.0
548,JaVale McGee,Lal,C-F,32.57,6.6,0.5,16.6,5.8,0.53,1.37,2019-2020,4000000.0
549,Rudy Gobert,Uta,C,28.13,15.1,1.5,34.3,13.5,0.72,1.97,2019-2020,23241573.0
550,Ish Smith,Was,G,32.11,10.9,4.9,26.3,3.2,0.88,0.44,2019-2020,6000000.0
551,DeMar DeRozan,San,F,31.02,22.1,5.6,34.1,5.5,1.03,0.29,2019-2020,27739975.0
552,Brook Lopez,Mil,C,32.37,12.0,1.5,26.7,4.6,0.68,2.4,2019-2020,12093023.0
553,Kyle Anderson,Mem,F-G,26.9,5.8,2.4,19.8,4.3,0.78,0.55,2019-2020,9073050.0
554,Al Horford,Phi,C-F,34.2,11.9,4.0,30.2,6.8,0.81,0.91,2019-2020,28000000.0
555,T.J. Warren,Ind,F,26.94,19.8,1.5,32.9,4.2,1.16,0.51,2019-2020,10810000.0
556,LeBron James,Lal,F,35.62,25.3,10.2,34.6,7.8,1.16,0.54,2019-2020,37436858.0
557,Kendrick Nunn,Mia,G,25.03,15.3,3.3,29.3,2.7,0.84,0.22,2019-2020,1416852.0
558,Wesley Matthews,Mil,G,33.84,7.4,1.4,24.4,2.5,0.55,0.13,2019-2020,2564753.0
559,Hassan Whiteside,Por,C,31.17,15.5,1.2,30.0,13.5,0.39,2.93,2019-2020,27093017.0
560,Rudy Gay,San,F-G,34.0,10.8,1.7,21.8,5.4,0.52,0.49,2019-2020,14500000.0
561,Ja Morant,Mem,G,21.01,17.8,7.3,31.0,3.9,0.88,0.27,2019-2020,8730240.0
562,Kelly Olynyk,Mia,C,29.32,8.2,1.7,19.4,4.6,0.67,0.34,2019-2020,12667885.0
563,Pat Connaughton,Mil,G,27.61,5.4,1.6,18.6,4.2,0.36,0.48,2019-2020,1723050.0
564,Donte DiVincenzo,Mil,G,23.54,9.2,2.3,23.0,4.8,1.33,0.32,2019-2020,2905800.0
565,Georges Niang,Uta,F,27.16,5.9,0.7,14.0,1.9,0.27,0.08,2019-2020,1645357.0
566,Aaron Holiday,Ind,G,23.87,9.5,3.4,24.5,2.3,0.85,0.24,2019-2020,2329200.0
567,Jayson Tatum,Bos,F-G,22.45,23.4,3.0,34.3,7.0,1.42,0.86,2019-2020,7830000.0
568,Langston Galloway,Det,G,28.68,10.2,1.5,25.8,2.2,0.73,0.15,2019-2020,7333333.0
569,Evan Fournier,Orl,G-F,27.79,18.5,3.2,31.4,2.6,1.08,0.23,2019-2020,17150000.0
570,Damian Lillard,Por,G,30.09,30.0,8.0,37.5,4.3,1.06,0.33,2019-2020,29802321.0
571,Dejounte Murray,San,G,23.9,10.9,4.1,25.6,5.8,1.68,0.26,2019-2020,2321735.0
572,Dario Saric,Pho,F,26.35,10.7,1.9,24.7,6.2,0.56,0.24,2019-2020,3481986.0
573,Patty Mills,San,G,32.01,11.6,1.8,22.5,1.6,0.8,0.09,2019-2020,12428571.0
574,Jakob Poeltl,San,C,24.83,5.6,1.8,17.7,5.7,0.56,1.45,2019-2020,3754886.0
575,Bobby Portis,Nyk,F,25.51,10.1,1.5,21.1,5.1,0.5,0.27,2019-2020,15000000.0
576,Robin Lopez,Mil,C,32.37,5.4,0.7,14.5,2.4,0.15,0.68,2019-2020,4767000.0
577,Isaac Bonga,Was,G,20.77,5.0,1.2,18.9,3.4,0.68,0.33,2019-2020,1416842.0
578,Josh Hart,Nor,G,25.44,10.1,1.7,27.0,6.6,0.97,0.35,2019-2020,1655160.0
579,Cedi Osman,Cle,F,25.35,11.0,2.4,29.4,3.6,0.83,0.25,2019-2020,2907143.0
580,Lou Williams,Lac,G,33.8,18.2,5.6,28.7,3.1,0.66,0.18,2019-2020,8000000.0
581,Coby White,Chi,G,20.49,13.2,2.7,25.8,3.6,0.75,0.09,2019-2020,5307120.0
582,Justin Jackson,Dal,F,25.38,5.5,0.8,16.1,2.4,0.23,0.15,2019-2020,3280920.0
583,Miles Bridges,Cha,F,22.4,13.0,1.8,30.7,5.6,0.62,0.74,2019-2020,3755400.0
584,Matisse Thybulle,Phi,G-F,23.45,4.7,1.2,19.8,1.6,1.43,0.72,2019-2020,2582160.0
585,Kevin Knox II,Nyk,F,21.01,6.4,0.9,17.9,2.8,0.35,0.43,2019-2020,4380120.0
586,Ricky Rubio,Pho,G,29.82,13.0,8.8,31.0,4.7,1.45,0.17,2019-2020,16200000.0
587,Daniel Theis,Bos,F,28.36,9.2,1.7,24.1,6.5,0.57,1.29,2019-2020,5000000.0
588,Tyus Jones,Mem,G,24.26,7.4,4.4,19.0,1.6,0.91,0.09,2019-2020,9258000.0
589,Tomas Satoransky,Chi,G,28.79,9.9,5.4,28.9,3.9,1.23,0.11,2019-2020,10000000.0
590,Collin Sexton,Cle,G,21.61,20.8,3.0,33.0,3.2,1.02,0.11,2019-2020,4764960.0
591,Dennis Schroder,Okc,G,26.92,18.9,4.0,30.8,3.6,0.71,0.22,2019-2020,15500000.0
592,Jaxson Hayes,Nor,C-F,20.23,7.4,0.9,16.9,4.1,0.41,0.88,2019-2020,4862040.0
593,Julius Randle,Nyk,C-F,25.71,19.5,3.1,32.5,9.7,0.8,0.34,2019-2020,18000000.0
594,Seth Curry,Dal,G,29.98,12.4,1.9,24.6,2.3,0.59,0.14,2019-2020,7461380.0
595,Alex Caruso,Lal,G,26.46,5.5,2.0,18.4,1.9,1.09,0.28,2019-2020,2750000.0
596,Taurean Prince,Bro,F,26.4,12.1,1.8,29.0,6.0,0.89,0.39,2019-2020,3481986.0
597,Spencer Dinwiddie,Bro,G,27.36,20.6,6.8,31.2,3.5,0.63,0.33,2019-2020,10605600.0
598,Thaddeus Young,Chi,F,32.15,10.3,1.8,24.9,4.9,1.44,0.36,2019-2020,12900000.0
599,Bryn Forbes,San,G,27.06,11.2,1.7,25.1,2.0,0.52,0.0,2019-2020,2875000.0
600,Trey Lyles,San,F,24.78,6.4,1.1,20.2,5.7,0.44,0.44,2019-2020,5500000.0
601,Devonte' Graham,Cha,G,25.48,18.2,7.5,35.1,3.3,0.98,0.24,2019-2020,1416852.0
602,JaMychal Green,Lac,F-C,30.15,6.8,0.8,20.7,6.2,0.46,0.38,2019-2020,4767000.0
603,Montrezl Harrell,Lac,F-C,26.55,18.6,1.7,27.8,7.1,0.63,1.11,2019-2020,6000000.0
604,Danuel House Jr.,Hou,F-G,27.19,10.5,1.3,30.4,4.2,1.06,0.54,2019-2020,3540000.0
605,De'Andre Hunter,Atl,F-G,22.7,12.3,1.8,32.0,4.5,0.7,0.29,2019-2020,7068360.0
606,Ersan Ilyasova,Mil,F,33.25,6.6,0.8,15.7,4.8,0.37,0.27,2019-2020,7000000.0
607,Terry Rozier,Cha,G,26.41,18.0,4.1,34.4,4.4,0.95,0.16,2019-2020,19894737.0
608,Jarrett Culver,Min,G-F,21.48,9.2,1.7,23.9,3.4,0.89,0.62,2019-2020,5813640.0
609,Steven Adams,Okc,C,27.07,10.9,2.3,26.7,9.3,0.81,1.06,2019-2020,25842697.0
610,Giannis Antetokounmpo,Mil,F,25.69,29.5,5.6,30.4,13.6,0.98,1.05,2019-2020,25842697.0
611,Bojan Bogdanovic,Uta,F,31.33,20.2,2.1,33.1,4.1,0.54,0.11,2019-2020,17000000.0
612,Lonzo Ball,Nor,G,22.8,11.8,6.9,32.1,6.1,1.41,0.59,2019-2020,8719320.0
613,Chris Boucher,Tor,F-C,27.59,6.6,0.4,13.2,4.5,0.37,1.0,2019-2020,1588231.0
614,Khris Middleton,Mil,F,29.01,20.9,4.3,29.9,6.2,0.85,0.11,2019-2020,30603448.0
615,Danilo Gallinari,Okc,F,32.02,18.7,1.9,29.6,5.2,0.68,0.08,2019-2020,22615559.0
616,Taj Gibson,Nyk,F,35.14,6.1,0.8,16.5,4.3,0.44,0.48,2019-2020,9000000.0
617,Aaron Gordon,Orl,F,24.91,14.4,3.7,32.5,7.7,0.82,0.63,2019-2020,19863636.0
618,Mo Bamba,Orl,C,22.26,5.4,0.7,14.2,4.9,0.37,1.37,2019-2020,5697600.0
619,Domantas Sabonis,Ind,F-C,24.28,18.5,5.0,34.8,12.4,0.73,0.48,2019-2020,3529555.0
620,Brandon Ingram,Nor,F,22.95,23.8,4.2,33.9,6.1,0.98,0.6,2019-2020,7265485.0
621,Josh Okogie,Min,G,21.95,8.6,1.6,25.0,4.3,1.1,0.42,2019-2020,2530680.0
622,Christian Wood,Det,F,24.88,13.1,1.0,21.4,6.3,0.55,0.89,2019-2020,1645357.0
623,Nikola Vucevic,Orl,C,29.81,19.6,3.6,32.2,10.8,0.87,0.76,2019-2020,28000000.0
624,Anthony Davis,Lal,F-C,27.43,26.1,3.2,34.4,9.3,1.47,2.31,2019-2020,27093018.0
625,Myles Turner,Ind,C-F,24.39,12.1,1.2,29.4,6.6,0.74,2.13,2019-2020,18000000.0
626,Garrett Temple,Bro,G-F,34.27,10.3,2.5,27.9,3.5,0.79,0.47,2019-2020,4767000.0
627,Eric Bledsoe,Mil,G,30.68,14.9,5.4,27.0,4.7,0.92,0.43,2019-2020,15625000.0
628,Lonnie Walker IV,San,G-F,21.67,6.4,1.1,16.2,2.3,0.52,0.23,2019-2020,2689920.0
629,Luka Doncic,Dal,G-F,21.46,28.8,8.8,33.6,9.4,0.98,0.23,2019-2020,7683360.0
630,Kyle Kuzma,Lal,F,25.06,12.8,1.3,25.0,4.5,0.46,0.43,2019-2020,1974600.0
631,Darius Bazley,Okc,F-G,20.17,5.6,0.7,18.5,4.0,0.38,0.67,2019-2020,2284800.0
632,Gary Trent Jr.,Por,G-F,21.57,8.9,1.0,21.8,1.6,0.79,0.26,2019-2020,1416852.0
633,Nerlens Noel,Okc,C-F,26.35,7.4,0.9,18.5,4.9,0.97,1.49,2019-2020,1620564.0
634,Mitchell Robinson,Nyk,C-F,22.37,9.7,0.6,23.2,7.0,0.85,1.95,2019-2020,1599712.0
635,Mason Plumlee,Den,F-C,30.45,7.2,2.5,17.3,5.2,0.52,0.61,2019-2020,14041096.0
636,Jrue Holiday,Nor,G,30.18,19.1,6.7,34.7,4.8,1.62,0.8,2019-2020,26231111.0
637,Bogdan Bogdanovic,Sac,G,27.99,15.1,3.4,28.9,3.4,1.07,0.25,2019-2020,8529386.0
638,Marcus Smart,Bos,G,26.44,12.9,4.9,32.0,3.8,1.67,0.48,2019-2020,12553571.0
639,Pascal Siakam,Tor,F,26.37,22.9,3.5,35.2,7.3,1.02,0.88,2019-2020,2351839.0
640,JJ Redick,Nor,G,36.14,15.3,2.0,26.4,2.5,0.33,0.18,2019-2020,13486300.0
641,De'Anthony Melton,Mem,G,22.22,7.6,2.9,19.5,3.7,1.27,0.33,2019-2020,1416852.0
642,Eric Paschall,Gol,F,23.78,14.0,2.1,27.6,4.6,0.53,0.22,2019-2020,898310.0
643,Rondae Hollis-Jefferson,Tor,F,25.61,7.0,1.8,18.7,4.7,0.77,0.38,2019-2020,2500000.0
644,Nicolo Melli,Nor,0,29.55,6.6,1.4,17.4,3.0,0.57,0.38,2019-2020,4102564.0
645,Vince Carter,Atl,G-F,43.55,5.0,0.8,14.6,2.1,0.38,0.42,2019-2020,1620564.0
646,Thon Maker,Det,F-C,23.47,4.7,0.7,12.9,2.8,0.42,0.65,2019-2020,3569643.0
647,Zach LaVine,Chi,G-F,25.43,25.5,4.2,34.8,4.8,1.45,0.47,2019-2020,19500000.0
648,Trae Young,Atl,G,21.9,29.6,9.3,35.3,4.2,1.08,0.13,2019-2020,6273000.0
649,Derrick Jones Jr.,Mia,F,23.5,8.5,1.1,23.3,3.9,1.0,0.63,2019-2020,1645357.0
650,Tony Snell,Det,G,28.76,8.0,2.2,27.8,1.9,0.54,0.25,2019-2020,11392857.0
651,Goran Dragic,Mia,G,34.28,16.2,5.1,28.2,3.2,0.68,0.17,2019-2020,19217900.0
652,Patrick Patterson,Lac,F,31.42,4.9,0.7,13.2,2.6,0.12,0.05,2019-2020,1620564.0
653,Frank Jackson,Nor,G,22.28,6.3,1.0,13.5,1.4,0.29,0.07,2019-2020,1618520.0
654,Darius Garland,Cle,G,20.55,12.3,3.9,30.9,1.9,0.69,0.07,2019-2020,6400920.0
655,Jamal Murray,Den,G,23.47,18.5,4.8,32.3,4.0,1.14,0.29,2019-2020,4444746.0
656,George Hill,Mil,G,34.28,9.4,3.1,21.5,3.0,0.8,0.08,2019-2020,9133907.0
657,Marquese Chriss,Gol,F,23.12,9.3,1.9,20.3,6.2,0.66,1.05,2019-2020,654469.0
658,Bruce Brown,Det,G-F,24.0,8.9,4.0,28.2,4.7,1.09,0.5,2019-2020,1416852.0
659,Jevon Carter,Pho,G,24.92,4.9,1.4,16.3,2.0,0.78,0.29,2019-2020,1416852.0
660,Kyle Lowry,Tor,G,34.39,19.4,7.5,36.2,5.0,1.41,0.45,2019-2020,34996296.0
661,Will Barton,Den,G,29.61,15.1,3.7,33.0,6.3,1.07,0.5,2019-2020,12776786.0
662,Jimmy Butler,Mia,F,30.92,19.9,6.0,33.8,6.6,1.78,0.55,2019-2020,32742000.0
663,Tony Bradley,Uta,C-F,22.52,4.9,0.4,11.4,4.6,0.24,0.57,2019-2020,1962360.0
664,Torrey Craig,Den,F,29.66,5.4,0.8,18.5,3.3,0.4,0.62,2019-2020,2000000.0
665,Ryan Arcidiacono,Chi,G,26.39,4.5,1.7,16.0,1.9,0.47,0.05,2019-2020,3000000.0
666,Cam Reddish,Atl,F-G,20.95,10.5,1.5,26.7,3.7,1.07,0.48,2019-2020,4245720.0
667,Enes Kanter,Bos,C,28.24,8.1,1.0,17.0,7.4,0.4,0.71,2019-2020,4767000.0
668,Brandon Clarke,Mem,F-G,23.9,12.1,1.4,22.4,5.9,0.57,0.83,2019-2020,2478840.0
669,Kyle Korver,Mil,G-F,39.41,6.7,1.2,16.6,2.1,0.43,0.21,2019-2020,1620564.0
670,Carmelo Anthony,Por,F,36.21,15.4,1.5,32.8,6.3,0.84,0.47,2019-2020,1364204.0
671,Cody Zeller,Cha,C,27.86,11.1,1.5,23.1,7.1,0.69,0.43,2019-2020,14471910.0
672,Kristaps Porzingis,Dal,F-C,25.04,20.4,1.8,31.8,9.5,0.72,2.02,2019-2020,27285000.0
673,Tristan Thompson,Cle,C-F,29.43,12.0,2.1,30.2,10.1,0.56,0.88,2019-2020,18539130.0
674,Kawhi Leonard,Lac,F,29.13,27.1,4.9,32.4,7.1,1.81,0.58,2019-2020,32742000.0
675,Frank Ntilikina,Nyk,G,22.05,6.3,3.0,20.8,2.1,0.95,0.28,2019-2020,4855800.0
676,Marco Belinelli,San,G,34.39,6.3,1.2,15.5,1.7,0.21,0.02,2019-2020,5846154.0
677,Jalen Brunson,Dal,G,23.95,8.2,3.3,17.9,2.4,0.39,0.07,2019-2020,1416852.0
678,Cameron Johnson,Pho,F,24.45,8.8,1.2,22.0,3.3,0.61,0.35,2019-2020,4033440.0
679,Russell Westbrook,Hou,G,31.75,27.2,7.0,36.0,7.9,1.65,0.35,2019-2020,38506482.0
680,Jaylen Brown,Bos,F-G,23.81,20.3,2.1,33.9,6.4,1.16,0.35,2019-2020,6534829.0
681,D.J. Augustin,Orl,G,32.76,10.5,4.6,24.9,2.1,0.58,0.02,2019-2020,7250000.0
682,Ben Simmons,Phi,F,24.07,16.4,8.0,35.4,7.8,2.11,0.58,2019-2020,8113930.0
683,Jaren Jackson Jr.,Mem,F-C,20.92,17.4,1.4,28.5,4.6,0.68,1.61,2019-2020,6927480.0
684,Jordan Poole,Gol,G,21.16,8.8,2.4,22.3,2.1,0.6,0.18,2019-2020,1964760.0
685,Bradley Beal,Was,G,27.13,30.6,6.1,36.0,4.2,1.26,0.4,2019-2020,27093019.0
686,Matthew Dellavedova,Cle,G,29.93,3.1,3.2,14.4,1.3,0.37,0.04,2019-2020,9607500.0
687,E'Twaun Moore,Nor,G,31.47,8.3,1.4,18.2,2.3,0.57,0.2,2019-2020,8664928.0
688,Rodney McGruder,Lac,G,29.05,3.3,0.7,15.6,2.7,0.46,0.14,2019-2020,4807693.0
689,DeAndre Jordan,Bro,C,32.07,8.3,1.9,22.0,10.0,0.32,0.93,2019-2020,9881598.0
690,Kelly Oubre Jr.,Pho,F-G,24.68,18.7,1.5,34.5,6.5,1.25,0.71,2019-2020,15625000.0
691,Larry Nance Jr.,Cle,F-C,27.62,10.1,2.2,26.3,7.3,0.98,0.39,2019-2020,12727273.0
692,Kevin Huerter,Atl,G-F,21.97,12.2,3.8,31.4,4.1,0.91,0.48,2019-2020,2636280.0
693,Kevin Love,Cle,F,31.94,17.6,3.2,31.8,9.8,0.59,0.34,2019-2020,28942830.0
694,RJ Barrett,Nyk,F-G,20.17,14.3,2.6,30.4,5.0,0.95,0.3,2019-2020,7839960.0
695,Kemba Walker,Bos,G,30.27,20.4,4.8,31.1,3.9,0.86,0.5,2019-2020,32742000.0
696,Gary Harris,Den,G,25.92,10.4,2.1,31.8,2.9,1.36,0.25,2019-2020,17839286.0
697,Terrance Ferguson,Okc,G,22.25,3.9,0.9,22.5,1.3,0.46,0.3,2019-2020,2475840.0
698,Bruno Fernando,Atl,F-C,22.0,4.3,0.9,12.7,3.5,0.32,0.3,2019-2020,1400000.0
699,Josh Richardson,Phi,G,26.92,13.7,2.9,30.8,3.2,0.95,0.65,2019-2020,10116576.0
700,Elie Okobo,Pho,F-G,22.81,4.0,2.1,13.1,1.6,0.45,0.07,2019-2020,1416852.0
701,Tyler Herro,Mia,G,20.57,13.5,2.2,27.4,4.1,0.62,0.16,2019-2020,3640200.0
702,Michael Porter Jr.,Den,F,22.13,9.3,0.8,16.4,4.7,0.49,0.45,2019-2020,3389400.0
703,Serge Ibaka,Tor,F,30.91,15.4,1.4,27.0,8.2,0.51,0.84,2019-2020,23271604.0
704,Abdel Nader,Okc,F,26.89,6.3,0.7,15.8,1.8,0.42,0.36,2019-2020,1618520.0
705,Damian Jones,Atl,C,25.13,5.6,0.6,16.1,3.7,0.47,0.73,2019-2020,2305057.0
706,Malik Monk,Cha,G,22.53,10.3,2.1,21.3,2.9,0.45,0.29,2019-2020,4028400.0
707,Malcolm Brogdon,Ind,G,27.67,16.5,7.1,30.9,4.9,0.65,0.19,2019-2020,20000000.0
708,Emmanuel Mudiay,Uta,G,24.44,7.3,2.1,15.7,2.3,0.44,0.19,2019-2020,1620564.0
709,Goga Bitadze,Ind,C-F,21.07,3.2,0.4,8.7,1.9,0.19,0.69,2019-2020,2816760.0
710,Raul Neto,Phi,G,28.24,5.1,1.8,12.4,1.1,0.44,0.11,2019-2020,1620564.0
711,Fred VanVleet,Tor,G,26.47,17.6,6.6,35.7,3.8,1.8,0.31,2019-2020,9346153.0
712,Davis Bertans,Was,F,27.75,15.4,1.7,29.3,4.5,0.69,0.61,2019-2020,7000000.0
713,LaMarcus Aldridge,San,F-C,35.07,18.9,2.4,33.1,7.4,0.68,1.64,2019-2020,26000000.0
714,Bismack Biyombo,Cha,C,27.96,7.4,0.9,19.4,5.8,0.19,0.92,2019-2020,17000000.0
715,Mario Hezonja,Por,F-G,25.47,4.8,0.9,16.4,3.5,0.68,0.17,2019-2020,1737145.0
716,Landry Shamet,Lac,G,23.43,9.3,1.9,27.4,1.9,0.38,0.19,2019-2020,1995120.0
717,Gordon Hayward,Bos,F,30.4,17.5,4.1,33.5,6.7,0.73,0.42,2019-2020,32700690.0
718,Norman Powell,Tor,G,27.23,16.0,1.8,28.4,3.6,1.15,0.4,2019-2020,10116576.0
719,Sterling Brown,Mil,G-F,25.51,5.1,1.0,14.7,3.5,0.56,0.13,2019-2020,1618520.0
720,Wes Iwundu,Orl,F,25.65,5.8,1.2,18.3,2.5,0.48,0.25,2019-2020,1618420.0
721,Paul Millsap,Den,F,35.51,11.6,1.6,24.3,5.7,0.86,0.59,2019-2020,30350000.0
722,Derrick Favors,Nor,F,29.09,9.0,1.6,24.4,9.8,0.59,0.9,2019-2020,17650000.0
723,Patrick Beverley,Lac,G,32.09,7.9,3.6,26.3,5.2,1.06,0.49,2019-2020,12345680.0
724,Kris Dunn,Chi,G,26.41,7.3,3.4,24.9,3.7,1.96,0.35,2019-2020,5348007.0
725,Joel Embiid,Phi,C-F,26.42,23.0,3.0,29.5,11.6,0.86,1.29,2019-2020,27504630.0
726,De'Aaron Fox,Sac,G,22.65,21.1,6.8,32.0,3.8,1.45,0.49,2019-2020,6392760.0
727,Meyers Leonard,Mia,C,28.46,6.1,1.1,20.3,5.1,0.27,0.29,2019-2020,11286516.0
728,Lauri Markkanen,Chi,F-C,23.23,14.7,1.5,29.8,6.3,0.84,0.48,2019-2020,5300400.0
729,Kevin Porter Jr.,Cle,G-F,20.28,10.0,2.2,23.2,3.2,0.92,0.28,2019-2020,1290960.0
730,Derrick Rose,Det,G,31.86,18.1,5.6,26.0,2.4,0.8,0.34,2019-2020,7317073.0
731,Yogi Ferrell,Sac,G,27.27,4.4,1.4,10.6,1.0,0.36,0.08,2019-2020,3150000.0
732,Maurice Harkless,Lac,F-G,27.26,5.5,1.0,22.8,4.0,0.96,0.6,2019-2020,11011234.0
733,Damion Lee,Gol,G-F,27.81,12.7,2.7,29.0,4.9,1.02,0.12,2019-2020,842327.0
734,James Ennis III,Phi,F,30.12,5.8,0.8,15.8,3.1,0.45,0.31,2019-2020,1882867.0
735,Avery Bradley,Lal,G,29.72,8.6,1.3,24.2,2.3,0.88,0.1,2019-2020,4767000.0
736,Andre Drummond,Det,C,27.01,17.8,2.8,33.7,15.8,1.98,1.67,2019-2020,27093019.0
737,Omari Spellman,Gol,F,23.07,7.6,1.0,18.1,4.4,0.67,0.49,2019-2020,1897800.0
738,Khem Birch,Orl,C,27.88,4.4,1.0,19.2,4.6,0.42,0.48,2019-2020,3000000.0
739,Damyean Dotson,Nyk,G,26.28,6.7,1.2,17.4,1.9,0.48,0.08,2019-2020,1618520.0
740,Solomon Hill,Mem,F,29.41,5.7,2.0,18.8,3.0,0.65,0.15,2019-2020,12758781.0
741,Alec Burks,Gol,G,29.07,16.1,3.1,29.0,4.7,1.02,0.33,2019-2020,1620564.0
742,Robert Covington,Min,F,29.67,12.8,1.2,29.4,6.0,1.67,0.94,2019-2020,11301219.0
743,Rajon Rondo,Lal,G,34.48,7.1,5.0,20.5,3.0,0.81,0.04,2019-2020,2564753.0
744,Rui Hachimura,Was,F,22.52,13.5,1.8,30.1,6.1,0.77,0.17,2019-2020,4469160.0
745,Paul George,Lac,F,30.29,21.5,3.9,29.6,5.7,1.4,0.42,2019-2020,30560700.0
746,Javonte Green,Bos,G-F,27.06,3.4,0.5,9.7,1.9,0.5,0.17,2019-2020,898310.0
747,Nassir Little,Por,F-G,20.51,3.6,0.5,11.9,2.3,0.27,0.31,2019-2020,2105520.0
748,Cody Martin,Cha,F,24.88,5.0,2.0,18.8,3.3,0.81,0.19,2019-2020,1173310.0
749,Glenn Robinson III,Gol,F,26.6,12.9,1.8,31.6,4.7,0.94,0.29,2019-2020,1620564.0
750,Mike Muscala,Okc,F-C,29.12,4.8,0.9,12.2,2.3,0.19,0.26,2019-2020,2028594.0
751,Rodions Kurucs,Bro,F,22.52,4.6,1.1,14.5,2.9,0.53,0.11,2019-2020,1699236.0
752,Timothe Luwawu-Cabarrot,Bro,G-F,25.27,7.8,0.6,18.1,2.7,0.38,0.13,2019-2020,654469.0
753,Nickeil Alexander-Walker,Nor,G,21.95,5.7,1.9,12.6,1.8,0.36,0.17,2019-2020,2964840.0
754,Mike Conley,Uta,G,32.84,14.4,4.4,29.0,3.2,0.79,0.11,2019-2020,32511624.0
755,Cheick Diallo,Pho,F-C,23.92,4.7,0.5,10.2,2.8,0.23,0.26,2019-2020,1678854.0
756,Harry Giles III,Sac,F-C,22.32,6.9,1.3,14.5,4.1,0.48,0.39,2019-2020,2578800.0
757,Thomas Bryant,Was,C-F,23.04,13.2,1.8,24.9,7.2,0.54,1.07,2019-2020,8000000.0
758,Gorgui Dieng,Min,C,30.57,7.4,1.3,16.9,5.6,0.8,0.91,2019-2020,16229213.0
759,Hamidou Diallo,Okc,G,22.04,6.9,0.8,19.5,3.6,0.8,0.2,2019-2020,1416852.0
760,Jeremy Lamb,Ind,G-F,28.21,12.5,2.1,28.1,4.3,1.17,0.48,2019-2020,10500000.0
761,Moritz Wagner,Was,F-C,23.3,8.7,1.2,18.6,4.9,0.62,0.42,2019-2020,2063520.0
762,Michael Carter-Williams,Orl,G,28.85,7.2,2.4,18.5,3.3,1.09,0.49,2019-2020,1620564.0
763,Ky Bowman,Gol,G,23.16,7.4,2.9,22.6,2.7,1.0,0.22,2019-2020,350189.0
764,Jared Dudley,Lal,F,35.1,1.5,0.6,8.1,1.2,0.33,0.07,2019-2020,1620564.0
765,Elfrid Payton,Nyk,G,26.48,10.0,7.2,27.7,4.7,1.58,0.38,2019-2020,8000000.0
766,Jae Crowder,Mem,F,30.11,9.9,2.8,29.4,6.2,1.04,0.31,2019-2020,7815533.0
767,Caris LeVert,Bro,G,25.97,18.7,4.4,29.6,4.2,1.18,0.22,2019-2020,2625718.0
768,Chris Silva,Mia,F,23.9,3.0,0.5,7.9,2.9,0.18,0.48,2019-2020,466918.0
769,Markieff Morris,Det,F,30.95,11.0,1.6,22.5,3.9,0.59,0.23,2019-2020,1750000.0
770,Richaun Holmes,Sac,F,26.83,12.3,1.0,28.2,8.1,0.93,1.27,2019-2020,4767000.0
771,Quinn Cook,Lal,G,27.4,5.1,1.1,11.5,1.2,0.27,0.05,2019-2020,3000000.0
772,Marc Gasol,Tor,C,35.54,7.5,3.3,26.4,6.2,0.77,0.86,2019-2020,25595700.0
773,Marko Guduric,Mem,G,25.44,3.9,1.0,11.0,1.7,0.27,0.18,2019-2020,2625000.0
774,Shaquille Harrison,Chi,G,26.86,4.9,1.1,11.3,2.0,0.81,0.44,2019-2020,1620564.0
775,Draymond Green,Gol,F,30.45,8.0,6.2,28.4,6.2,1.37,0.77,2019-2020,18539130.0
776,Kent Bazemore,Por,G-F,31.12,7.9,1.4,25.8,4.0,1.05,0.72,2019-2020,19269662.0
777,Wendell Carter Jr.,Chi,C-F,21.33,11.3,1.2,29.2,9.4,0.77,0.84,2019-2020,5201400.0
778,Marcus Morris Sr.,Nyk,F,30.95,19.6,1.4,32.3,5.4,0.77,0.4,2019-2020,15000000.0
779,Daniel Gafford,Chi,F-C,21.87,5.1,0.5,14.2,2.5,0.3,1.3,2019-2020,898310.0
780,DeAndre' Bembry,Atl,G-F,26.12,5.8,1.9,21.3,3.5,1.28,0.44,2019-2020,2603982.0
781,Andrew Wiggins,Min,F,25.47,22.4,3.7,34.7,5.2,0.69,0.86,2019-2020,27504630.0
782,Jordan Clarkson,Uta,G,28.19,15.6,1.6,24.7,2.8,0.69,0.19,2019-2020,13437500.0
783,Boban Marjanovic,Dal,C,32.0,6.9,0.5,10.0,4.7,0.19,0.24,2019-2020,3500000.0
784,Jerome Robinson,Lac,G,23.48,2.9,1.1,11.3,1.4,0.31,0.19,2019-2020,3567720.0
785,Aron Baynes,Pho,C-F,33.68,11.5,1.6,22.2,5.7,0.21,0.55,2019-2020,5453280.0
786,Troy Daniels,Lal,G,29.09,4.2,0.3,11.1,1.1,0.2,0.07,2019-2020,384541.0
787,Thabo Sefolosha,Hou,F-G,36.29,2.2,0.6,10.6,2.3,0.59,0.29,2019-2020,1620564.0
788,Terance Mann,Lac,G-F,23.82,2.4,1.3,8.8,1.3,0.27,0.12,2019-2020,1000000.0
789,Marvin Williams,Cha,F,34.16,6.7,1.0,19.7,2.7,0.61,0.56,2019-2020,604278.0
790,John Collins,Atl,F,22.89,21.6,1.5,33.2,10.1,0.76,1.61,2019-2020,2686560.0
791,Malik Beasley,Den,G,23.72,7.9,1.2,18.2,1.9,0.76,0.15,2019-2020,2731714.0
792,Willie Cauley-Stein,Gol,C,26.99,7.9,1.5,22.9,6.2,1.12,1.22,2019-2020,2177483.0
793,Matt Thomas,Tor,G,26.03,4.9,0.5,10.7,1.5,0.24,0.02,2019-2020,898310.0
794,Isaiah Thomas,Was,G,31.52,12.2,3.7,23.1,1.7,0.33,0.15,2019-2020,1620564.0
795,Alfonzo McKinnie,Cle,F,27.91,4.6,0.4,14.8,2.8,0.58,0.2,2019-2020,1500000.0
796,Shake Milton,Phi,G-F,23.88,9.4,2.6,20.1,2.2,0.48,0.18,2019-2020,1455697.0
797,Dzanan Musa,Bro,G-F,21.27,4.8,1.1,12.2,2.2,0.38,0.03,2019-2020,1911600.0
798,Alex Len,Atl,C,27.16,8.7,1.1,18.6,5.8,0.5,0.83,2019-2020,4160000.0
799,Dwight Powell,Dal,F-C,29.07,9.4,1.5,26.5,5.7,0.88,0.53,2019-2020,10259375.0
800,Frank Kaminsky,Pho,F-C,27.36,9.7,1.9,19.9,4.5,0.38,0.26,2019-2020,4767000.0
801,Deonte Burton,Okc,G-F,26.54,2.7,0.4,9.1,1.5,0.15,0.26,2019-2020,1416852.0
802,Kenrich Williams,Nor,G-F,25.7,3.5,1.5,21.3,4.8,0.69,0.54,2019-2020,1416852.0
803,Dwayne Bacon,Cha,G-F,24.96,5.7,1.3,17.6,2.6,0.59,0.05,2019-2020,1618520.0
804,Clint Capela,Hou,C,26.24,13.9,1.2,32.8,13.8,0.87,1.79,2019-2020,14896552.0
805,Ian Mahinmi,Was,C,33.78,7.4,1.3,21.3,5.8,0.82,1.16,2019-2020,15450051.0
806,Sekou Doumbouya,Det,F,19.64,6.4,0.5,19.8,3.1,0.53,0.21,2019-2020,3285120.0
807,Deandre Ayton,Pho,C,22.06,18.2,1.9,32.5,11.5,0.66,1.53,2019-2020,9562920.0
808,Grayson Allen,Mem,G,24.85,8.7,1.4,18.9,2.2,0.32,0.05,2019-2020,2429400.0
809,Carsen Edwards,Bos,G,22.43,3.3,0.6,9.5,1.3,0.32,0.11,2019-2020,1228026.0
810,Patrick McCaw,Tor,G,24.81,4.6,2.1,24.5,2.3,1.05,0.11,2019-2020,4000000.0
811,D.J. Wilson,Mil,F-C,24.49,3.6,0.7,9.8,2.5,0.08,0.14,2019-2020,2961120.0
812,Keita Bates-Diop,Min,F,24.56,6.8,0.8,17.5,3.0,0.46,0.54,2019-2020,1416852.0
813,Denzel Valentine,Chi,G,26.75,6.8,1.2,13.6,2.1,0.72,0.17,2019-2020,3377569.0
814,Wayne Ellington,Nyk,G,32.71,5.1,1.2,15.5,1.8,0.36,0.11,2019-2020,8000000.0
815,Luke Kornet,Chi,C-F,25.09,6.0,0.9,15.5,2.3,0.31,0.72,2019-2020,2250000.0
816,Luguentz Dort,Okc,G,21.32,6.8,0.8,22.8,2.3,0.89,0.11,2019-2020,155647.0
817,Shabazz Napier,Min,G,29.09,9.6,5.2,23.8,3.1,1.14,0.19,2019-2020,1845301.0
818,Eric Gordon,Hou,G,31.64,14.4,1.5,28.2,2.0,0.64,0.33,2019-2020,14057730.0
819,Karl-Anthony Towns,Min,C-F,24.75,26.5,4.4,33.9,10.8,0.94,1.2,2019-2020,27285000.0
820,Justin James,Sac,G-F,23.56,2.5,0.5,6.6,0.9,0.17,0.26,2019-2020,898310.0
821,Wilson Chandler,Bro,F,33.27,5.9,1.1,21.0,4.2,0.46,0.34,2019-2020,1620564.0
822,Dewayne Dedmon,Sac,C,31.01,5.1,0.4,15.9,4.9,0.44,0.76,2019-2020,13333333.0
823,Dennis Smith Jr.,Nyk,G,22.72,5.5,2.9,15.8,2.3,0.82,0.24,2019-2020,4463640.0
824,JaKarr Sampson,Ind,F,27.41,4.6,0.6,13.8,2.6,0.47,0.35,2019-2020,1620564.0
825,Jonathan Isaac,Orl,F,22.87,11.9,1.4,28.8,6.8,1.56,2.29,2019-2020,5806440.0
826,Brandon Goodwin,Atl,G,24.87,6.1,1.5,12.7,2.1,0.35,0.12,2019-2020,522738.0
827,Jeff Teague,Min,G,32.18,13.2,6.1,27.8,2.6,0.74,0.38,2019-2020,19000000.0
828,Chris Clemons,Hou,G,23.06,4.9,0.8,8.8,0.9,0.24,0.15,2019-2020,563347.0
829,Theo Pinson,Bro,G-F,24.78,3.6,1.7,11.1,1.6,0.52,0.12,2019-2020,1445697.0
830,Treveon Graham,Min,G-F,26.8,5.2,0.9,20.1,3.1,0.52,0.06,2019-2020,1645357.0
831,Admiral Schofield,Was,G-F,23.38,3.0,0.5,11.2,1.4,0.24,0.12,2019-2020,1000000.0
832,Anthony Tolliver,Por,F,35.21,3.9,0.9,16.8,3.3,0.24,0.27,2019-2020,183115.0
833,Skal Labissiere,Por,F-C,24.41,5.8,1.3,17.2,5.1,0.21,0.94,2019-2020,2338847.0
834,D'Angelo Russell,Gol,G,24.47,23.6,6.2,32.1,3.7,0.91,0.27,2019-2020,27285000.0
835,Trevor Ariza,Sac,F,35.13,6.0,1.6,24.7,4.6,1.09,0.25,2019-2020,12195122.0
836,Jabari Parker,Atl,F,25.42,15.0,1.8,26.2,6.0,1.31,0.47,2019-2020,6500000.0
837,Romeo Langford,Bos,G-F,20.81,2.5,0.4,11.6,1.3,0.22,0.25,2019-2020,3458400.0
838,Edmond Sumner,Ind,G,24.62,4.9,1.8,14.4,1.5,0.48,0.29,2019-2020,2000000.0
839,Tyler Johnson,Pho,G,28.27,5.7,1.6,16.6,1.7,0.39,0.26,2019-2020,183115.0
840,Willy Hernangomez,Cha,C-F,26.22,6.1,0.9,12.1,4.4,0.32,0.23,2019-2020,1676735.0
841,Ty Jerome,Pho,G-F,23.11,3.3,1.4,10.6,1.5,0.48,0.1,2019-2020,2193480.0
842,Naz Reid,Min,C-F,20.97,9.0,1.2,16.5,4.1,0.63,0.73,2019-2020,898310.0
843,Jeff Green,Uta,F,33.97,7.8,0.7,18.4,2.7,0.4,0.33,2019-2020,439475.0
844,Jahlil Okafor,Nor,C-F,24.67,8.1,1.2,15.6,4.2,0.23,0.73,2019-2020,1702486.0
845,Kyle O'Quinn,Phi,C-F,30.39,3.5,1.8,10.8,4.0,0.24,0.83,2019-2020,1620564.0
846,John Henson,Cle,F-C,29.63,5.0,1.5,14.2,3.9,0.55,1.1,2019-2020,9732396.0
847,J.J. Barea,Dal,G,36.13,7.7,3.9,15.5,1.8,0.17,0.07,2019-2020,1620564.0
848,Jordan McRae,Was,G,29.38,12.8,2.8,22.5,3.6,0.66,0.52,2019-2020,1645357.0
849,Noah Vonleh,Min,F,24.98,4.1,0.9,12.0,4.0,0.38,0.21,2019-2020,2000000.0
850,Reggie Bullock,Nyk,G-F,29.42,8.1,1.4,23.6,2.3,0.86,0.1,2019-2020,4000000.0
851,Gary Payton II,Was,G,27.7,3.9,1.7,14.9,2.8,1.14,0.24,2019-2020,1052909.0
852,Robert Williams III,Bos,C-F,22.83,5.2,0.9,13.4,4.4,0.79,1.21,2019-2020,1937520.0
853,Chandler Hutchison,Chi,F-G,24.3,7.8,0.9,18.8,3.9,0.96,0.25,2019-2020,2332320.0
854,Allen Crabbe,Atl,G-F,28.35,5.1,1.0,18.6,2.3,0.54,0.14,2019-2020,18500000.0
855,Ed Davis,Uta,F,31.2,1.8,0.4,10.8,3.8,0.39,0.32,2019-2020,4767000.0
856,Malcolm Miller,Tor,G-F,27.44,1.3,0.4,5.8,0.6,0.18,0.07,2019-2020,1588231.0
857,Luke Kennard,Det,G,24.14,15.8,4.1,32.9,3.5,0.43,0.21,2019-2020,3827160.0
858,Jordan Bell,Min,F,25.6,3.1,0.5,8.7,2.9,0.07,0.37,2019-2020,1620564.0
859,Jacob Evans,Gol,G-F,23.16,4.7,1.1,15.3,1.5,0.41,0.44,2019-2020,1925880.0
860,Tim Frazier,Det,G,29.79,3.6,3.4,13.1,1.2,0.52,0.11,2019-2020,1620564.0
861,Anzejs Pasecniks,Was,C,24.65,6.0,0.7,16.8,4.1,0.35,0.46,2019-2020,482144.0
862,Tyson Chandler,Hou,C,37.87,1.3,0.2,8.4,2.5,0.23,0.31,2019-2020,1620564.0
863,Trey Burke,Phi,G,27.75,5.9,2.1,13.1,1.4,0.28,0.04,2019-2020,1620564.0
864,Stanley Johnson,Tor,F-G,24.21,2.4,0.8,6.0,1.5,0.24,0.16,2019-2020,3623000.0
865,Gary Clark,Orl,F,25.75,3.6,0.2,14.8,2.9,0.17,0.63,2019-2020,555409.0
866,Allonzo Trier,Nyk,G,24.58,6.5,1.2,12.1,1.3,0.13,0.17,2019-2020,3551000.0
867,Dante Exum,Cle,G,25.09,5.6,1.4,16.8,2.3,0.46,0.25,2019-2020,9600000.0
868,Norvel Pelle,Phi,F,27.53,2.4,0.3,9.7,3.0,0.13,1.25,2019-2020,350189.0
869,Courtney Lee,Dal,G,34.87,4.5,0.5,14.4,1.3,0.75,0.25,2019-2020,12759670.0
870,Zion Williamson,Nor,F,20.11,22.5,2.1,27.8,6.3,0.67,0.38,2019-2020,9757440.0
871,Jake Layman,Min,F,26.44,9.1,0.7,22.0,2.5,0.74,0.39,2019-2020,3581986.0
872,Isaiah Hartenstein,Hou,C-F,22.28,4.7,0.8,11.6,3.9,0.39,0.52,2019-2020,1416852.0
873,Derrick Walton Jr.,Lac,G,25.37,2.2,1.0,9.6,0.7,0.17,0.0,2019-2020,1445697.0
874,Ante Zizic,Cle,C,23.61,4.4,0.3,10.0,3.0,0.32,0.23,2019-2020,2281800.0
875,Vincent Poirier,Bos,C-F,26.8,1.9,0.4,5.9,2.0,0.09,0.41,2019-2020,2505793.0
876,Josh Jackson,Mem,G-F,23.51,9.0,1.6,17.3,3.0,0.82,0.41,2019-2020,7059480.0
877,Bruno Caboclo,Mem,F,24.9,2.8,0.5,8.7,2.0,0.45,0.55,2019-2020,1845301.0
878,Cristiano Felicio,Chi,F-C,28.1,3.9,0.7,17.5,4.6,0.45,0.09,2019-2020,8156500.0
879,Nicolas Batum,Cha,G-F,31.67,3.6,3.0,23.0,4.5,0.77,0.36,2019-2020,25565217.0
880,Juwan Morgan,Uta,F,23.33,1.7,0.3,6.4,1.4,0.05,0.1,2019-2020,746054.0
881,Rodney Hood,Por,G-F,27.82,11.0,1.5,29.5,3.4,0.81,0.19,2019-2020,5718000.0
882,Andre Iguodala,Mia,G-F,36.55,4.6,2.4,19.9,3.7,0.67,1.0,2019-2020,17185185.0
883,David Nwaba,Bro,G-F,27.58,5.2,0.4,13.4,2.3,0.55,0.6,2019-2020,903111.0
884,Caleb Swanigan,Por,F,23.33,3.0,1.5,13.3,4.7,0.1,0.25,2019-2020,2033160.0
885,Kevon Looney,Gol,F,24.52,3.4,1.0,13.1,3.3,0.6,0.3,2019-2020,4464226.0
886,Thanasis Antetokounmpo,Mil,F,28.08,2.8,0.8,6.4,1.2,0.35,0.1,2019-2020,1445697.0
887,Kyrie Irving,Bro,G,28.39,27.4,6.4,32.9,5.2,1.35,0.5,2019-2020,31742000.0
888,Victor Oladipo,Ind,G,28.28,14.5,2.9,27.8,3.9,0.89,0.21,2019-2020,21000000.0
889,Rayjon Tucker,Uta,G,22.89,3.3,0.3,8.5,1.1,0.05,0.05,2019-2020,578573.0
890,Evan Turner,Atl,G-F,31.8,3.3,2.0,13.2,2.0,0.47,0.42,2019-2020,18606556.0
891,Wenyen Gabriel,Por,F,23.39,2.3,0.3,9.1,2.2,0.42,0.26,2019-2020,1445697.0
892,Melvin Frazier Jr.,Orl,G-F,23.96,2.1,0.2,6.6,0.5,0.47,0.11,2019-2020,1416852.0
893,Blake Griffin,Det,F,31.42,15.5,3.3,28.5,4.7,0.39,0.39,2019-2020,34449964.0
894,Amile Jefferson,Orl,F,27.27,0.8,0.2,4.1,1.3,0.06,0.17,2019-2020,1529007.0
895,Al-Farouq Aminu,Orl,F,29.9,4.3,1.2,21.1,4.9,1.0,0.44,2019-2020,9258000.0
896,Caleb Martin,Cha,F,24.88,6.2,1.3,17.6,2.1,0.67,0.39,2019-2020,898310.0
897,Chimezie Metu,San,F-C,23.4,3.2,0.6,5.9,1.8,0.17,0.33,2019-2020,1416852.0
898,James Johnson,Mia,F,33.48,5.7,1.2,15.6,2.9,0.33,0.72,2019-2020,15349400.0
899,Ryan Broekhoff,Dal,G-F,29.98,4.2,0.6,10.6,2.5,0.29,0.24,2019-2020,1416852.0
900,Reggie Jackson,Lac,G,30.33,9.5,3.2,21.3,3.0,0.29,0.24,2019-2020,512721.0
901,Alize Johnson,Ind,F,24.31,2.0,0.4,6.9,2.9,0.18,0.12,2019-2020,1416852.0
902,Keldon Johnson,San,F-G,20.84,9.1,0.9,17.7,3.4,0.82,0.12,2019-2020,1950600.0
903,Brandon Knight,Cle,G,28.7,4.9,1.9,15.1,1.3,0.31,0.13,2019-2020,15643750.0
904,Jalen McDaniels,Cha,F-C,22.54,5.6,0.8,18.3,4.1,0.5,0.19,2019-2020,898310.0
905,Jaylen Nowell,Min,G,21.35,3.8,1.3,10.1,0.9,0.2,0.0,2019-2020,1400000.0
906,Nicolas Claxton,Bro,F-C,21.33,4.4,1.1,12.5,2.9,0.07,0.53,2019-2020,898310.0
907,DeMarre Carroll,San,F,34.05,2.2,0.7,9.0,2.1,0.13,0.13,2019-2020,512721.0
908,Vlatko Cancar,Den,F,23.35,1.2,0.2,3.2,0.7,0.07,0.07,2019-2020,898310.0
909,Tyrone Wallace,Atl,G,26.18,2.9,0.9,11.5,1.6,0.5,0.07,2019-2020,1588231.0
910,Otto Porter Jr.,Chi,F,27.2,11.9,1.8,23.6,3.4,1.07,0.43,2019-2020,27250575.0
911,Alen Smailagic,Gol,F,19.99,4.2,0.9,9.9,1.9,0.21,0.29,2019-2020,898310.0
912,Michael Kidd-Gilchrist,Dal,F,26.89,0.9,0.3,9.3,2.5,0.15,0.23,2019-2020,595122.0
913,Juan Toscano-Anderson,Gol,F,27.35,5.3,2.0,20.9,4.0,1.0,0.38,2019-2020,350189.0
914,Marvin Bagley III,Sac,F,21.42,14.2,0.8,25.7,7.5,0.46,0.92,2019-2020,8556120.0
915,Iman Shumpert,Bro,G,30.14,4.2,0.9,18.5,2.6,0.92,0.15,2019-2020,1419138.0
916,Mfiondu Kabengele,Lac,F-C,23.0,3.5,0.2,5.4,0.9,0.17,0.17,2019-2020,1977000.0
917,Zach Collins,Por,F-C,22.74,7.0,1.5,26.4,6.3,0.45,0.45,2019-2020,4240200.0
918,Justise Winslow,Mia,G-F,24.39,11.3,4.0,32.0,6.6,0.73,0.45,2019-2020,13000000.0
919,Miye Oni,Uta,G-F,23.03,3.5,0.4,10.9,1.7,0.4,0.2,2019-2020,898310.0
920,Nigel Williams-Goss,Uta,G,25.91,1.4,0.6,5.0,0.6,0.3,0.1,2019-2020,1500000.0
921,Ignas Brazdeikis,Nyk,F,21.6,1.9,0.4,5.9,0.6,0.0,0.11,2019-2020,898310.0
922,Jarred Vanderbilt,Den,F,21.37,1.1,0.2,4.6,0.9,0.33,0.11,2019-2020,1416852.0
923,Dragan Bender,Gol,F,22.74,9.0,2.1,21.6,5.9,0.44,0.44,2019-2020,1678854.0
924,Justin Robinson,Was,G,22.84,1.4,0.8,5.4,0.6,0.0,0.11,2019-2020,898310.0
925,Khyri Thomas,Det,G,24.27,2.1,0.4,7.7,0.1,0.38,0.0,2019-2020,1416852.0
926,Jusuf Nurkic,Por,C,25.98,17.6,4.0,31.7,10.3,1.38,2.0,2019-2020,13125000.0
927,Cameron Payne,Pho,G,26.02,10.9,3.0,22.9,3.9,1.0,0.25,2019-2020,1737145.0
928,Lance Thomas,Bro,F,32.31,3.4,0.9,14.0,1.9,0.0,0.0,2019-2020,7119650.0
929,Dion Waiters,Lal,G,28.68,11.9,2.4,23.6,1.9,0.57,0.57,2019-2020,375385.0
930,Zhaire Smith,Phi,G,21.2,1.1,0.3,4.6,0.3,0.43,0.0,2019-2020,3058800.0
931,Andre Roberson,Okc,G-F,28.7,2.9,0.6,12.4,3.9,0.14,0.43,2019-2020,10740740.0
932,Dewan Hernandez,Tor,C-F,23.68,2.3,0.5,4.7,2.3,0.17,0.0,2019-2020,898310.0
933,Talen Horton-Tucker,Lal,G,19.72,5.7,1.0,13.5,1.2,1.33,0.17,2019-2020,898310.0
934,JR Smith,Lal,G,34.93,2.8,0.5,13.2,0.8,0.17,0.0,2019-2020,15680000.0
935,Chandler Parsons,Atl,F,31.8,2.8,0.6,10.8,1.4,0.8,0.2,2019-2020,25102511.0
936,KZ Okpala,Mia,F-G,21.3,1.4,0.2,5.2,1.0,0.4,0.2,2019-2020,898310.0
937,Stephen Curry,Gol,G,32.42,20.8,6.6,27.9,5.2,1.0,0.4,2019-2020,40231758.0
938,Justin Patton,Okc,C,23.17,1.8,0.4,4.8,1.0,0.0,0.0,2019-2020,1620564.0
939,Jalen Lecque,Pho,G,20.17,2.0,0.4,6.3,0.4,0.0,0.0,2019-2020,898310.0
940,Stanton Kidd,Uta,F,28.41,0.0,0.3,3.8,0.8,0.0,0.0,2019-2020,898310.0
941,Jonah Bolden,Phi,F,24.62,1.0,0.0,3.6,0.3,0.25,0.0,2019-2020,1698450.0
942,Udonis Haslem,Mia,F,40.18,3.0,0.3,11.0,4.0,0.0,0.0,2019-2020,1620564.0
943,Luka Samanic,San,F,20.6,5.3,2.0,16.1,3.3,0.0,0.67,2019-2020,2689920.0
944,Luc Mbah a Moute,Hou,F,33.93,1.7,0.0,8.2,0.7,0.67,0.0,2019-2020,4320500.0
945,Isaiah Roby,Okc,F,22.53,0.0,0.0,3.8,0.7,0.0,0.0,2019-2020,1500000.0
946,Tyler Zeller,San,F-C,30.58,1.0,0.0,2.0,2.0,0.0,0.0,2019-2020,245686.0
947,Max Strus,Chi,G-F,24.38,2.5,0.0,3.1,0.5,0.0,0.0,2019-2020,898310.0
948,Ryan Anderson,Hou,F,32.27,2.5,1.0,7.0,3.5,0.5,0.0,2019-2020,1620564.0
